example_idx,model_size,model_variant,is_lora,communication_style,emotional_state,knowledge_level,goal_clarity,certainty,information_completeness,expected_resolution,is_eos_example,is_first_turn,loss,perplexity,avg_token_confidence,bleu_score,rouge_l_f1,rouge_l_precision,rouge_l_recall,exact_match,token_ratio,length_difference,predicted_tokens,expected_tokens,generation_time_sec,normalized_exact_match,eos_correct,eos_false_pos,length_ratio_error,style_compliance_score,meteor_score,predicted_output,expected_output
0,gemma_4b,base_4b,False,direct,mildly_frustrated,novice,clear,uncertain,partial,investigation,False,True,2.1876,105.8,0.1157,0.2062,0.2477,0.4569,0.1348,True,1.0,0,10,10,2.119,True,,False,0.0,0.7,0.9995,hey there's a charge on my account i don't recognize,hey there's a charge on my account I don't recognize<eos>
1,gemma_4b,base_4b,False,direct,mildly_frustrated,novice,clear,uncertain,partial,investigation,False,False,3.893,134.15,0.0321,0.038,0.3825,0.439,0.3415,False,0.8888888888888888,-1,8,9,4.919,False,,False,0.11111111111111116,0.7,0.898,"um i'm not sure which card, i have","um i'm not sure which card, I have two<eos>"
2,gemma_4b,base_4b,False,direct,mildly_frustrated,novice,clear,uncertain,partial,investigation,False,False,2.082,75.25,0.0561,0.1943,0.1733,0.2459,0.2481,True,1.0,0,4,4,3.068,True,,False,0.0,0.7,0.9922,probably the 3847 one,probably the 3847 one<eos>
3,gemma_4b,base_4b,False,direct,mildly_frustrated,novice,clear,uncertain,partial,investigation,False,False,2.2886,116.94,0.0474,0.2834,0.3294,0.4505,0.2259,False,0.9090909090909091,-1,10,11,3.583,False,,False,0.09090909090909094,0.7,0.917,"yeah that first one, aug 12. idk what that even","yeah that first one, aug 12. idk what that even is<eos>"
4,gemma_4b,base_4b,False,direct,mildly_frustrated,novice,clear,uncertain,partial,investigation,False,False,1.6178,77.41,0.1016,0.2397,0.2336,0.2689,0.1254,True,1.0,0,18,18,5.984,True,,False,0.0,1.0,0.9999,not really but like... it could be my husband? idk. i just want someone to look into it,not really but like... it could be my husband? idk. I just want someone to look into it<eos>
5,gemma_4b,base_4b,False,direct,mildly_frustrated,novice,clear,uncertain,partial,investigation,False,False,2.1585,175.15,0.0432,0.2747,0.3236,0.4482,0.2194,True,1.0,0,3,3,4.436,True,,False,0.0,0.7,0.9815,yes exactly that,yes exactly that<eos>
6,gemma_4b,base_4b,False,direct,mildly_frustrated,novice,clear,uncertain,partial,investigation,False,False,3.695,286.74,0.0311,0.1509,0.368,0.1277,0.4042,True,1.0,0,11,11,2.514,True,,False,0.0,0.7,0.9996,ok good. do i need to do anything in the meantime,ok good. do I need to do anything in the meantime<eos>
7,gemma_4b,base_4b,False,direct,mildly_frustrated,novice,clear,uncertain,partial,investigation,False,False,1.8025,106.17,0.064,0.1806,0.1248,0.192,0.1881,True,1.0,0,16,16,4.524,True,,False,0.0,1.0,0.9999,no its fine i think it might be legit. just want to know what it is,no its fine I think it might be legit. just want to know what it is<eos>
8,gemma_4b,base_4b,False,direct,mildly_frustrated,novice,clear,uncertain,partial,investigation,True,False,1.976,74.23,0.076,1.0,1.0,1.0,1.0,True,0.0,-1,0,1,5.937,True,True,,1.0,1.0,1.0,,<eos>
9,gemma_4b,base_4b,False,direct,mildly_frustrated,novice,clear,certain_fraud,minimal,hold,False,True,1.6265,299.82,0.1287,0.291,0.1582,0.4705,0.4395,True,1.0,0,19,19,3.943,True,,False,0.0,0.7,0.9999,hey there's a charge on my account that i definitely didn't make. i want my card frozen right now,hey there's a charge on my account that i definitely didn't make. i want my card frozen right now<eos>
10,gemma_4b,base_4b,False,direct,mildly_frustrated,novice,clear,certain_fraud,minimal,hold,False,False,2.2418,292.18,0.0953,0.1672,0.3045,0.3992,0.1229,False,0.6666666666666666,-1,2,3,4.011,False,,False,0.33333333333333337,0.7,0.6466,the freedom,the freedom one<eos>
11,gemma_4b,base_4b,False,direct,mildly_frustrated,novice,clear,certain_fraud,minimal,hold,False,False,2.9592,180.7,0.1415,0.0692,0.2385,0.3865,0.1955,True,1.0,0,12,12,4.687,True,,False,0.0,1.0,0.9997,"there's a weird charge on it that wasnt me, already said that","there's a weird charge on it that wasnt me, already said that<eos>"
12,gemma_4b,base_4b,False,direct,mildly_frustrated,novice,clear,certain_fraud,minimal,hold,False,False,3.5844,225.88,0.0995,0.2963,0.386,0.3616,0.1031,False,0.8,-1,4,5,3.198,False,,False,0.19999999999999996,0.7,0.8099,yes that's the whole,yes that's the whole point<eos>
13,gemma_4b,base_4b,False,direct,mildly_frustrated,novice,clear,certain_fraud,minimal,hold,False,False,3.6153,73.07,0.0751,0.0902,0.323,0.1014,0.4084,True,1.0,0,8,8,3.048,True,,False,0.0,0.7,0.999,yeah that travel one. definitely didn't do that,yeah that travel one. definitely didn't do that<eos>
14,gemma_4b,base_4b,False,direct,mildly_frustrated,novice,clear,certain_fraud,minimal,hold,False,False,3.4903,265.18,0.1369,0.0709,0.373,0.1998,0.1411,True,1.0,0,6,6,5.537,True,,False,0.0,0.7,0.9977,never heard of them. not mine,never heard of them. not mine<eos>
15,gemma_4b,base_4b,False,direct,mildly_frustrated,novice,clear,certain_fraud,minimal,hold,False,False,2.167,246.84,0.0341,0.2629,0.3858,0.4434,0.189,True,1.0,0,7,7,3.841,True,,False,0.0,0.7,0.9985,yes please. how long does that take,yes please. how long does that take<eos>
16,gemma_4b,base_4b,False,direct,mildly_frustrated,novice,clear,certain_fraud,minimal,hold,False,False,3.926,94.64,0.1451,0.087,0.355,0.1434,0.2738,False,0.6666666666666666,-1,2,3,3.255,False,,False,0.33333333333333337,0.7,0.6466,yeah that's,yeah that's fine<eos>
17,gemma_4b,base_4b,False,direct,mildly_frustrated,novice,clear,certain_fraud,minimal,hold,True,False,1.6749,216.06,0.0629,1.0,1.0,1.0,1.0,True,0.0,-1,0,1,3.237,True,True,,1.0,1.0,1.0,,<eos>
18,gemma_4b,base_4b,False,terse,calm,intermediate,clear,uncertain,partial,investigation,False,True,2.95,213.68,0.0804,0.1382,0.4154,0.1855,0.2893,True,1.0,0,10,10,5.184,True,,False,0.0,1.0,0.9995,hey there's a charge i don't recognize on my account,hey there's a charge i don't recognize on my account<eos>
19,gemma_4b,base_4b,False,terse,calm,intermediate,clear,uncertain,partial,investigation,False,False,1.6821,153.61,0.1019,0.0664,0.1854,0.3785,0.2978,True,1.0,0,3,3,4.624,True,,False,0.0,1.0,0.9815,the freedom one,the freedom one<eos>
20,gemma_4b,base_4b,False,terse,calm,intermediate,clear,uncertain,partial,investigation,False,False,3.9697,198.86,0.1435,0.2685,0.2767,0.3451,0.3877,True,1.0,0,6,6,5.322,True,,False,0.0,1.0,0.9977,august 12th i think. around $34.99,august 12th i think. around $34.99<eos>
21,gemma_4b,base_4b,False,terse,calm,intermediate,clear,uncertain,partial,investigation,False,False,2.2993,185.04,0.038,0.0771,0.1225,0.3776,0.3826,False,0.9,-1,9,10,3.63,False,,False,0.09999999999999998,1.0,0.9085,yeah that clarity wellness one. no idea what that,yeah that clarity wellness one. no idea what that is<eos>
22,gemma_4b,base_4b,False,terse,calm,intermediate,clear,uncertain,partial,investigation,False,False,3.8836,154.76,0.1172,0.1684,0.1768,0.3413,0.1882,True,1.0,0,11,11,3.743,True,,False,0.0,0.5,0.9996,maybe idk. could be. still want someone to look into it,maybe idk. could be. still want someone to look into it<eos>
23,gemma_4b,base_4b,False,terse,calm,intermediate,clear,uncertain,partial,investigation,False,False,1.8392,165.42,0.0265,0.1199,0.3664,0.1847,0.2307,True,1.0,0,2,2,3.517,True,,False,0.0,1.0,0.9375,yes please,yes please<eos>
24,gemma_4b,base_4b,False,terse,calm,intermediate,clear,uncertain,partial,investigation,False,False,1.881,81.56,0.107,0.1736,0.3684,0.1872,0.3798,False,0.875,-1,7,8,2.671,False,,False,0.125,1.0,0.8848,ok cool. do i need to do,ok cool. do i need to do anything<eos>
25,gemma_4b,base_4b,False,terse,calm,intermediate,clear,uncertain,partial,investigation,True,False,3.2265,206.81,0.0332,1.0,1.0,1.0,1.0,True,0.0,-1,0,1,5.935,True,True,,1.0,1.0,1.0,,<eos>
26,gemma_4b,base_4b,False,terse,calm,intermediate,clear,certain_fraud,full,refund_and_card,False,True,3.9137,117.52,0.1251,0.1661,0.3559,0.2934,0.2742,True,1.0,0,15,15,3.074,True,,False,0.0,0.9,0.9999,hey i called last week about a fraud charge and nobody got back to me,hey i called last week about a fraud charge and nobody got back to me<eos>
27,gemma_4b,base_4b,False,terse,calm,intermediate,clear,certain_fraud,full,refund_and_card,False,False,3.7008,225.3,0.0559,0.0129,0.352,0.4792,0.1342,False,0.9,-1,9,10,3.954,False,,False,0.09999999999999998,1.0,0.9085,uber eats $215 on august 10th. i never ordered,uber eats $215 on august 10th. i never ordered that<eos>
28,gemma_4b,base_4b,False,terse,calm,intermediate,clear,certain_fraud,full,refund_and_card,False,False,2.327,225.71,0.0552,0.0829,0.1418,0.1483,0.177,True,1.0,0,3,3,4.143,True,,False,0.0,1.0,0.9815,the 1234 one,the 1234 one<eos>
29,gemma_4b,base_4b,False,terse,calm,intermediate,clear,certain_fraud,full,refund_and_card,False,False,2.8353,118.58,0.1467,0.1705,0.404,0.379,0.1505,True,1.0,0,12,12,3.964,True,,False,0.0,1.0,0.9997,yes. i want my money back and i want that card cancelled,yes. i want my money back and i want that card cancelled<eos>
30,gemma_4b,base_4b,False,terse,calm,intermediate,clear,certain_fraud,full,refund_and_card,False,False,1.873,190.71,0.0595,0.2982,0.3122,0.1474,0.4058,True,1.0,0,4,4,5.163,True,,False,0.0,1.0,0.9922,correct. never made it,correct. never made it<eos>
31,gemma_4b,base_4b,False,terse,calm,intermediate,clear,certain_fraud,full,refund_and_card,False,False,3.1511,89.26,0.0426,0.0318,0.3078,0.1011,0.2802,True,1.0,0,2,2,3.165,True,,False,0.0,1.0,0.9375,yes please,yes please<eos>
32,gemma_4b,base_4b,False,terse,calm,intermediate,clear,certain_fraud,full,refund_and_card,False,False,3.771,256.66,0.0293,0.0581,0.2992,0.223,0.3996,True,1.0,0,1,1,3.154,True,,False,0.0,1.0,0.5,yep,yep<eos>
33,gemma_4b,base_4b,False,terse,calm,intermediate,clear,certain_fraud,full,refund_and_card,False,False,2.938,287.7,0.1499,0.205,0.3647,0.2078,0.1161,True,1.0,0,8,8,3.882,True,,False,0.0,1.0,0.999,someone gonna actually follow up this time or,someone gonna actually follow up this time or<eos>
34,gemma_4b,base_4b,False,terse,calm,intermediate,clear,certain_fraud,full,refund_and_card,True,False,2.2205,286.3,0.1258,1.0,1.0,1.0,1.0,True,0.0,-1,0,1,5.881,True,True,,1.0,1.0,1.0,,<eos>
35,gemma_4b,base_4b,False,terse,calm,intermediate,clear,certain_fraud,full,refund_and_card,False,True,2.5953,224.56,0.0358,0.2922,0.1554,0.3435,0.1957,True,1.0,0,10,10,4.203,True,,False,0.0,1.0,0.9995,i have a charge i didn't make. apple store $1249,i have a charge i didn't make. apple store $1249<eos>
36,gemma_4b,base_4b,False,terse,calm,intermediate,clear,certain_fraud,full,refund_and_card,False,False,2.459,280.47,0.0861,0.265,0.3765,0.4456,0.2105,True,1.0,0,8,8,3.66,True,,False,0.0,1.0,0.999,all of it. dispute and replace the card,all of it. dispute and replace the card<eos>
37,gemma_4b,base_4b,False,terse,calm,intermediate,clear,certain_fraud,full,refund_and_card,False,False,2.6384,130.44,0.0445,0.2123,0.3714,0.3287,0.1934,True,1.0,0,1,1,2.175,True,,False,0.0,1.0,0.5,8809,8809<eos>
38,gemma_4b,base_4b,False,terse,calm,intermediate,clear,certain_fraud,full,refund_and_card,False,False,2.6423,230.61,0.0733,0.1999,0.4392,0.1617,0.2878,True,1.0,0,3,3,3.354,True,,False,0.0,1.0,0.9815,yes that's it,yes that's it<eos>
39,gemma_4b,base_4b,False,terse,calm,intermediate,clear,certain_fraud,full,refund_and_card,False,False,3.9936,236.69,0.0764,0.0385,0.2553,0.3535,0.449,True,1.0,0,7,7,4.776,True,,False,0.0,0.5,0.9985,no i didn't. that's why i'm here,no i didn't. that's why i'm here<eos>
40,gemma_4b,base_4b,False,terse,calm,intermediate,clear,certain_fraud,full,refund_and_card,False,False,2.1021,278.21,0.0386,0.1437,0.1033,0.2016,0.2021,True,1.0,0,2,2,5.219,True,,False,0.0,1.0,0.9375,yes please,yes please<eos>
41,gemma_4b,base_4b,False,terse,calm,intermediate,clear,certain_fraud,full,refund_and_card,False,False,2.9298,193.7,0.149,0.0956,0.1961,0.4912,0.3633,False,0.8333333333333334,-1,5,6,4.264,False,,False,0.16666666666666663,1.0,0.8441,will i get the money,will i get the money back<eos>
42,gemma_4b,base_4b,False,terse,calm,intermediate,clear,certain_fraud,full,refund_and_card,True,False,3.3023,214.8,0.129,1.0,1.0,1.0,1.0,True,0.0,-1,0,1,3.763,True,True,,1.0,1.0,1.0,,<eos>
43,gemma_4b,base_4b,False,indirect,calm,intermediate,wrong_mental_model,certain_fraud,partial,refund_and_card,False,True,3.5162,236.64,0.064,0.0434,0.4383,0.4852,0.1563,True,1.0,0,20,20,5.441,True,,False,0.0,0.75,0.9999,"hey so i noticed something weird on my account, been trying to figure it out for a couple days now","hey so i noticed something weird on my account, been trying to figure it out for a couple days now<eos>"
44,gemma_4b,base_4b,False,indirect,calm,intermediate,wrong_mental_model,certain_fraud,partial,refund_and_card,False,False,1.7709,108.46,0.0233,0.2664,0.1775,0.3246,0.4661,True,1.0,0,16,16,2.253,True,,False,0.0,0.75,0.9999,yeah there's a charge on my card that i definitely didn't make. like 100% wasn't me,yeah there's a charge on my card that i definitely didn't make. like 100% wasn't me<eos>
45,gemma_4b,base_4b,False,indirect,calm,intermediate,wrong_mental_model,certain_fraud,partial,refund_and_card,False,False,3.8649,154.78,0.1165,0.0548,0.2713,0.266,0.1396,True,1.0,0,32,32,3.632,True,,False,0.0,1.0,1.0,"well i want the money back but i'm not sure if i can even do anything yet, like do i need to prove it was fraud first before you guys do anything?","well i want the money back but i'm not sure if i can even do anything yet, like do i need to prove it was fraud first before you guys do anything?<eos>"
46,gemma_4b,base_4b,False,indirect,calm,intermediate,wrong_mental_model,certain_fraud,partial,refund_and_card,False,False,3.6201,163.68,0.1062,0.1961,0.3754,0.3389,0.1085,False,0.9,-1,9,10,2.974,False,,False,0.09999999999999998,0.75,0.9085,oh ok that's good to know. yeah lets do,oh ok that's good to know. yeah lets do that<eos>
47,gemma_4b,base_4b,False,indirect,calm,intermediate,wrong_mental_model,certain_fraud,partial,refund_and_card,False,False,1.9362,215.26,0.0234,0.0143,0.2133,0.416,0.1952,False,0.6666666666666666,-1,2,3,2.697,False,,False,0.33333333333333337,0.5,0.6466,the 1234,the 1234 one<eos>
48,gemma_4b,base_4b,False,indirect,calm,intermediate,wrong_mental_model,certain_fraud,partial,refund_and_card,False,False,3.9101,65.21,0.0823,0.1265,0.4184,0.3744,0.2961,True,1.0,0,7,7,2.294,True,,False,0.0,0.75,0.9985,it was around august 18th i think,it was around august 18th i think<eos>
49,gemma_4b,base_4b,False,indirect,calm,intermediate,wrong_mental_model,certain_fraud,partial,refund_and_card,False,False,3.1273,242.24,0.1137,0.0724,0.2186,0.2806,0.1914,True,1.0,0,9,9,3.814,True,,False,0.0,0.75,0.9993,"yeah that's it, zephyr whatever. never heard of them","yeah that's it, zephyr whatever. never heard of them<eos>"
50,gemma_4b,base_4b,False,indirect,calm,intermediate,wrong_mental_model,certain_fraud,partial,refund_and_card,False,False,2.9662,190.4,0.0629,0.0454,0.3626,0.2414,0.3661,True,1.0,0,21,21,5.472,True,,False,0.0,0.75,0.9999,"yes. and i also want to cancel the card and get a new one sent, i don't feel comfortable keeping it","yes. and i also want to cancel the card and get a new one sent, i don't feel comfortable keeping it<eos>"
51,gemma_4b,base_4b,False,indirect,calm,intermediate,wrong_mental_model,certain_fraud,partial,refund_and_card,False,False,3.9364,254.61,0.0998,0.1964,0.3903,0.1105,0.4716,True,1.0,0,10,10,3.07,True,,False,0.0,0.75,0.9995,yeah same address you have on file should be fine,yeah same address you have on file should be fine<eos>
52,gemma_4b,base_4b,False,indirect,calm,intermediate,wrong_mental_model,certain_fraud,partial,refund_and_card,True,False,2.5496,135.22,0.0681,1.0,1.0,1.0,1.0,True,0.0,-1,0,1,2.21,True,True,,1.0,1.0,1.0,,<eos>
53,gemma_4b,base_4b,False,direct,mildly_frustrated,intermediate,vague,uncertain,partial,investigation,False,True,3.1678,61.35,0.0714,0.1838,0.1739,0.1031,0.2206,True,1.0,0,14,14,2.549,True,,False,0.0,0.7,0.9998,"hey there's a charge on my account i don't recognize. august 12th, like $34.99","hey there's a charge on my account i don't recognize. august 12th, like $34.99<eos>"
54,gemma_4b,base_4b,False,direct,mildly_frustrated,intermediate,vague,uncertain,partial,investigation,False,False,3.8029,265.53,0.0948,0.1763,0.1403,0.3838,0.2671,True,1.0,0,8,8,2.083,True,,False,0.0,1.0,0.999,idk just... look into it first i guess,idk just... look into it first i guess<eos>
55,gemma_4b,base_4b,False,direct,mildly_frustrated,intermediate,vague,uncertain,partial,investigation,False,False,2.3327,92.03,0.0864,0.0431,0.2223,0.304,0.4624,True,1.0,0,2,2,4.91,True,,False,0.0,0.7,0.9375,freedom one,freedom one<eos>
56,gemma_4b,base_4b,False,direct,mildly_frustrated,intermediate,vague,uncertain,partial,investigation,False,False,2.9112,208.82,0.1012,0.2606,0.1239,0.3509,0.1604,True,1.0,0,11,11,3.769,True,,False,0.0,0.7,0.9996,streamvault+ yeah that's probably it. no idea what that is tho,StreamVault+ yeah that's probably it. no idea what that is tho<eos>
57,gemma_4b,base_4b,False,direct,mildly_frustrated,intermediate,vague,uncertain,partial,investigation,False,False,2.8858,247.95,0.1365,0.1404,0.2125,0.4239,0.3607,True,1.0,0,16,16,3.903,True,,False,0.0,0.7,0.9999,ugh i mean maybe? my daughter uses my card sometimes. but i don't remember this one,ugh i mean maybe? my daughter uses my card sometimes. but i don't remember this one<eos>
58,gemma_4b,base_4b,False,direct,mildly_frustrated,intermediate,vague,uncertain,partial,investigation,False,False,2.2072,152.19,0.064,0.1834,0.1231,0.4157,0.3589,False,0.9230769230769231,-1,12,13,2.378,False,,False,0.07692307692307687,0.7,0.93,yeah that works. just don't want it to keep charging me or,yeah that works. just don't want it to keep charging me or whatever<eos>
59,gemma_4b,base_4b,False,direct,mildly_frustrated,intermediate,vague,uncertain,partial,investigation,False,False,3.845,127.4,0.069,0.2396,0.3901,0.4253,0.368,True,1.0,0,10,10,4.955,True,,False,0.0,0.7,0.9995,yeah go ahead and lock it. she can deal lol,yeah go ahead and lock it. she can deal lol<eos>
60,gemma_4b,base_4b,False,direct,mildly_frustrated,intermediate,vague,uncertain,partial,investigation,False,False,3.6111,75.29,0.1202,0.2522,0.2179,0.4535,0.1151,True,1.0,0,3,3,5.065,True,,False,0.0,0.7,0.9815,yes that one,yes that one<eos>
61,gemma_4b,base_4b,False,direct,mildly_frustrated,intermediate,vague,uncertain,partial,investigation,True,False,3.3713,162.23,0.0894,1.0,1.0,1.0,1.0,True,0.0,-1,0,1,3.471,True,True,,1.0,1.0,1.0,,<eos>
62,gemma_4b,base_4b,False,direct,mildly_frustrated,intermediate,vague,certain_fraud,minimal,hold,False,True,1.7565,261.47,0.1307,0.0927,0.4169,0.4052,0.2091,True,1.0,0,18,18,2.589,True,,False,0.0,1.0,0.9999,hi look there's something on my statement that doesnt look right. pretty sure i didnt make this charge,hi look there's something on my statement that doesnt look right. pretty sure i didnt make this charge<eos>
63,gemma_4b,base_4b,False,direct,mildly_frustrated,intermediate,vague,certain_fraud,minimal,hold,False,False,3.1249,247.85,0.0379,0.0932,0.1486,0.4319,0.3784,True,1.0,0,8,8,4.822,True,,False,0.0,0.7,0.999,lock it first. dont want anyone using it,lock it first. dont want anyone using it<eos>
64,gemma_4b,base_4b,False,direct,mildly_frustrated,intermediate,vague,certain_fraud,minimal,hold,False,False,2.6428,77.71,0.1377,0.1831,0.1847,0.1066,0.3062,True,1.0,0,3,3,2.574,True,,False,0.0,0.7,0.9815,the freedom one,the freedom one<eos>
65,gemma_4b,base_4b,False,direct,mildly_frustrated,intermediate,vague,certain_fraud,minimal,hold,False,False,3.0892,295.26,0.053,0.0147,0.3565,0.4154,0.2379,True,1.0,0,5,5,4.513,True,,False,0.0,0.7,0.996,yes thats the whole point,yes thats the whole point<eos>
66,gemma_4b,base_4b,False,direct,mildly_frustrated,intermediate,vague,certain_fraud,minimal,hold,False,False,2.2336,60.95,0.0459,0.0222,0.4462,0.4733,0.3062,True,1.0,0,23,23,4.172,True,,False,0.0,0.625,1.0,"hang on let me pull up my statement. ok theres something from ""techzone online"" for $212. i did not buy anything from them","hang on let me pull up my statement. ok theres something from ""TechZone Online"" for $212. i did not buy anything from them<eos>"
67,gemma_4b,base_4b,False,direct,mildly_frustrated,intermediate,vague,certain_fraud,minimal,hold,False,False,2.7438,281.08,0.0875,0.2423,0.3109,0.3908,0.1316,True,1.0,0,8,8,5.289,True,,False,0.0,0.7,0.999,yes thats what im saying. 100% wasnt me,yes thats what im saying. 100% wasnt me<eos>
68,gemma_4b,base_4b,False,direct,mildly_frustrated,intermediate,vague,certain_fraud,minimal,hold,False,False,3.9501,286.98,0.0298,0.1949,0.3378,0.2453,0.4204,False,0.9411764705882353,-1,16,17,5.811,False,,False,0.05882352941176472,0.7,0.9466,"ugh i dont have it right in front of me. its recent though, like this week","ugh i dont have it right in front of me. its recent though, like this week sometime<eos>"
69,gemma_4b,base_4b,False,direct,mildly_frustrated,intermediate,vague,certain_fraud,minimal,hold,False,False,2.8236,149.51,0.1044,0.0824,0.2747,0.1454,0.3943,True,1.0,0,4,4,3.548,True,,False,0.0,0.7,0.9922,yes thats the one,yes thats the one<eos>
70,gemma_4b,base_4b,False,direct,mildly_frustrated,intermediate,vague,certain_fraud,minimal,hold,False,False,3.2048,261.38,0.0615,0.1108,0.412,0.126,0.3169,True,1.0,0,5,5,5.405,True,,False,0.0,0.7,0.996,how long does this take,how long does this take<eos>
71,gemma_4b,base_4b,False,direct,mildly_frustrated,intermediate,vague,certain_fraud,minimal,hold,True,False,2.8791,202.99,0.0312,1.0,1.0,1.0,1.0,True,0.0,-1,0,1,5.077,True,True,,1.0,1.0,1.0,,<eos>
72,gemma_4b,base_4b,False,direct,mildly_frustrated,intermediate,vague,certain_fraud,full,refund_and_card,False,True,1.8104,88.25,0.0414,0.1036,0.4293,0.3837,0.2384,False,0.9230769230769231,-1,12,13,5.58,False,,False,0.07692307692307687,1.0,0.93,hi look i already called about a fraudulent charge and nothing has,hi look i already called about a fraudulent charge and nothing has happened<eos>
73,gemma_4b,base_4b,False,direct,mildly_frustrated,intermediate,vague,certain_fraud,full,refund_and_card,False,False,3.6063,190.9,0.1273,0.0182,0.3019,0.1182,0.3566,True,1.0,0,15,15,4.605,True,,False,0.0,0.7,0.9999,it's a $215 charge from uber eats on august 10th. i did not make this,it's a $215 charge from uber eats on august 10th. i did not make this<eos>
74,gemma_4b,base_4b,False,direct,mildly_frustrated,intermediate,vague,certain_fraud,full,refund_and_card,False,False,2.599,171.06,0.0465,0.1859,0.357,0.225,0.3873,True,1.0,0,3,3,5.443,True,,False,0.0,0.7,0.9815,the sapphire one,the sapphire one<eos>
75,gemma_4b,base_4b,False,direct,mildly_frustrated,intermediate,vague,certain_fraud,full,refund_and_card,False,False,1.8992,131.86,0.0951,0.1007,0.2802,0.4052,0.2993,True,1.0,0,19,19,3.995,True,,False,0.0,1.0,0.9999,yes but i already did this over the phone?? i was told to wait and never heard anything back,yes but i already did this over the phone?? i was told to wait and never heard anything back<eos>
76,gemma_4b,base_4b,False,direct,mildly_frustrated,intermediate,vague,certain_fraud,full,refund_and_card,False,False,2.5773,270.61,0.1146,0.2315,0.2996,0.2464,0.2602,True,1.0,0,8,8,2.779,True,,False,0.0,0.7,0.999,ugh fine yes please just sort it out,ugh fine yes please just sort it out<eos>
77,gemma_4b,base_4b,False,direct,mildly_frustrated,intermediate,vague,certain_fraud,full,refund_and_card,False,False,1.9976,177.28,0.085,0.0231,0.2658,0.1548,0.2332,True,1.0,0,13,13,3.828,True,,False,0.0,0.7,0.9998,ok and i want my card cancelled too. i don't trust it anymore,ok and i want my card cancelled too. i don't trust it anymore<eos>
78,gemma_4b,base_4b,False,direct,mildly_frustrated,intermediate,vague,certain_fraud,full,refund_and_card,False,False,3.5394,142.09,0.1076,0.2942,0.3539,0.3335,0.4187,True,1.0,0,2,2,4.752,True,,False,0.0,0.7,0.9375,yes please,yes please<eos>
79,gemma_4b,base_4b,False,direct,mildly_frustrated,intermediate,vague,certain_fraud,full,refund_and_card,True,False,3.2018,57.89,0.1433,1.0,1.0,1.0,1.0,True,0.0,-1,0,1,4.762,True,True,,1.0,1.0,1.0,,<eos>
80,gemma_4b,base_4b,False,direct,mildly_frustrated,intermediate,vague,uncertain,full,investigation,False,True,2.3558,138.57,0.1204,0.2191,0.3135,0.3573,0.3773,True,1.0,0,16,16,2.769,True,,False,0.0,0.7,0.9999,hi there's a charge on my account i dont recognize. $54.99 from adobe on aug 14th,hi there's a charge on my account i dont recognize. $54.99 from Adobe on aug 14th<eos>
81,gemma_4b,base_4b,False,direct,mildly_frustrated,intermediate,vague,uncertain,full,investigation,False,False,2.4492,295.04,0.1264,0.2868,0.2007,0.4218,0.2162,True,1.0,0,19,19,4.857,True,,False,0.0,1.0,0.9999,honestly not sure. could be something my kid set up idk. i just want someone to look into it,honestly not sure. could be something my kid set up idk. i just want someone to look into it<eos>
82,gemma_4b,base_4b,False,direct,mildly_frustrated,intermediate,vague,uncertain,full,investigation,False,False,3.0949,63.12,0.0737,0.218,0.1018,0.1402,0.4083,True,1.0,0,7,7,4.201,True,,False,0.0,1.0,0.9985,yeah just look into it for now,yeah just look into it for now<eos>
83,gemma_4b,base_4b,False,direct,mildly_frustrated,intermediate,vague,uncertain,full,investigation,False,False,3.8417,278.31,0.0428,0.2659,0.449,0.1703,0.4679,True,1.0,0,4,4,3.588,True,,False,0.0,0.7,0.9922,the sapphire i think,the sapphire i think<eos>
84,gemma_4b,base_4b,False,direct,mildly_frustrated,intermediate,vague,uncertain,full,investigation,False,False,3.6276,167.01,0.0451,0.0427,0.19,0.165,0.2836,True,1.0,0,4,4,2.745,True,,False,0.0,0.7,0.9922,yeah thats the one,yeah thats the one<eos>
85,gemma_4b,base_4b,False,direct,mildly_frustrated,intermediate,vague,uncertain,full,investigation,False,False,2.1201,115.2,0.0506,0.2286,0.353,0.4816,0.2208,False,0.9411764705882353,-1,16,17,2.046,False,,False,0.05882352941176472,0.7,0.9466,i have photoshop but that comes out the 3rd every month. this is a different date,i have photoshop but that comes out the 3rd every month. this is a different date so<eos>
86,gemma_4b,base_4b,False,direct,mildly_frustrated,intermediate,vague,uncertain,full,investigation,False,False,1.8339,88.3,0.1172,0.1857,0.2648,0.2663,0.3197,False,0.9411764705882353,-1,16,17,4.15,False,,False,0.05882352941176472,0.7,0.9466,just flag it for now. i wanna check with my kid first before i do anything,just flag it for now. i wanna check with my kid first before i do anything official<eos>
87,gemma_4b,base_4b,False,direct,mildly_frustrated,intermediate,vague,uncertain,full,investigation,False,False,1.8746,132.03,0.0876,0.0437,0.1318,0.1822,0.3333,True,1.0,0,16,16,4.042,True,,False,0.0,0.7,0.9999,ok and if it does turn out to be dodgy how do i take it further,ok and if it does turn out to be dodgy how do i take it further<eos>
88,gemma_4b,base_4b,False,direct,mildly_frustrated,intermediate,vague,uncertain,full,investigation,False,False,2.3613,65.94,0.1492,0.281,0.1111,0.1276,0.4735,True,1.0,0,9,9,3.635,True,,False,0.0,0.7,0.9993,alright cool. and how long does that usually take,alright cool. and how long does that usually take<eos>
89,gemma_4b,base_4b,False,direct,mildly_frustrated,intermediate,vague,uncertain,full,investigation,True,False,3.1338,136.94,0.0432,1.0,1.0,1.0,1.0,True,0.0,-1,0,1,2.014,True,True,,1.0,1.0,1.0,,<eos>
90,gemma_4b,base_4b,False,terse,mildly_frustrated,intermediate,clear,uncertain,partial,investigation,False,True,3.4151,270.94,0.022,0.0698,0.3092,0.1404,0.1134,True,1.0,0,10,10,4.813,True,,False,0.0,0.7,0.9995,hey there's a charge on my account i don't recognize,hey there's a charge on my account i don't recognize<eos>
91,gemma_4b,base_4b,False,terse,mildly_frustrated,intermediate,clear,uncertain,partial,investigation,False,False,2.3017,125.44,0.0386,0.2015,0.1213,0.1884,0.2202,True,1.0,0,7,7,5.794,True,,False,0.0,1.0,0.9985,just want someone to look into it,just want someone to look into it<eos>
92,gemma_4b,base_4b,False,terse,mildly_frustrated,intermediate,clear,uncertain,partial,investigation,False,False,2.6838,262.34,0.0591,0.2152,0.2968,0.4223,0.4659,True,1.0,0,8,8,5.871,True,,False,0.0,0.7,0.999,"i have two cards, not sure which one","i have two cards, not sure which one<eos>"
93,gemma_4b,base_4b,False,terse,mildly_frustrated,intermediate,clear,uncertain,partial,investigation,False,False,1.9704,240.42,0.1142,0.1721,0.2165,0.2918,0.4478,True,1.0,0,4,4,5.828,True,,False,0.0,0.7,0.9922,probably the freedom one,probably the freedom one<eos>
94,gemma_4b,base_4b,False,terse,mildly_frustrated,intermediate,clear,uncertain,partial,investigation,False,False,2.1539,178.2,0.0846,0.0386,0.3939,0.4925,0.2878,False,0.875,-1,7,8,5.657,False,,False,0.125,0.7,0.8512,yeah that streamify one. what even is,yeah that streamify one. what even is that<eos>
95,gemma_4b,base_4b,False,terse,mildly_frustrated,intermediate,clear,uncertain,partial,investigation,False,False,3.1365,221.21,0.0535,0.2483,0.2717,0.4866,0.3567,True,1.0,0,5,5,2.673,True,,False,0.0,0.7,0.996,ugh maybe. not sure honestly,ugh maybe. not sure honestly<eos>
96,gemma_4b,base_4b,False,terse,mildly_frustrated,intermediate,clear,uncertain,partial,investigation,False,False,3.6064,107.86,0.1119,0.0127,0.3162,0.3023,0.2493,True,1.0,0,5,5,4.667,True,,False,0.0,0.7,0.996,yes thats what i want,yes thats what i want<eos>
97,gemma_4b,base_4b,False,terse,mildly_frustrated,intermediate,clear,uncertain,partial,investigation,False,False,3.7744,76.75,0.0325,0.0532,0.3853,0.1768,0.3106,True,1.0,0,1,1,3.069,True,,False,0.0,0.7,0.5,yes,yes<eos>
98,gemma_4b,base_4b,False,terse,mildly_frustrated,intermediate,clear,uncertain,partial,investigation,True,False,2.8818,64.03,0.0212,1.0,1.0,1.0,1.0,True,0.0,-1,0,1,4.263,True,True,,1.0,1.0,1.0,,<eos>
99,gemma_4b,base_4b,False,direct,calm,expert,clear,certain_fraud,full,refund_and_card,False,True,3.8219,128.62,0.145,0.1802,0.2394,0.4009,0.3851,True,1.0,0,12,12,2.308,True,,False,0.0,1.0,0.9997,hey there's a fraudulent charge on my account i need to dispute,hey there's a fraudulent charge on my account i need to dispute<eos>
100,gemma_4b,base_4b,False,direct,calm,expert,clear,certain_fraud,full,refund_and_card,False,False,2.3515,242.25,0.1441,0.125,0.1957,0.4094,0.1119,True,1.0,0,8,8,5.97,True,,False,0.0,1.0,0.999,"apple store, $1,249.00, august 19th. definitely wasn't me","apple store, $1,249.00, august 19th. definitely wasn't me<eos>"
101,gemma_4b,base_4b,False,direct,calm,expert,clear,certain_fraud,full,refund_and_card,False,False,3.0848,234.91,0.0612,0.0409,0.226,0.1021,0.2233,True,1.0,0,2,2,3.079,True,,False,0.0,1.0,0.9375,"sapphire, 5678","sapphire, 5678<eos>"
102,gemma_4b,base_4b,False,direct,calm,expert,clear,certain_fraud,full,refund_and_card,False,False,3.7528,276.3,0.1472,0.1759,0.1486,0.1678,0.2523,False,0.9090909090909091,-1,10,11,3.205,False,,False,0.09090909090909094,1.0,0.917,dispute it and cancel the card. want a replacement sent,dispute it and cancel the card. want a replacement sent too<eos>
103,gemma_4b,base_4b,False,direct,calm,expert,clear,certain_fraud,full,refund_and_card,False,False,2.3305,205.05,0.1245,0.1056,0.4008,0.2339,0.4262,True,1.0,0,9,9,5.897,True,,False,0.0,1.0,0.9993,"yes, card's been in my wallet. didn't authorize it","yes, card's been in my wallet. didn't authorize it<eos>"
104,gemma_4b,base_4b,False,direct,calm,expert,clear,certain_fraud,full,refund_and_card,False,False,3.5412,148.23,0.0348,0.1735,0.3386,0.3369,0.3183,True,1.0,0,1,1,4.2,True,,False,0.0,1.0,0.5,correct,correct<eos>
105,gemma_4b,base_4b,False,direct,calm,expert,clear,certain_fraud,full,refund_and_card,True,False,3.2881,247.27,0.0296,1.0,1.0,1.0,1.0,True,0.0,-1,0,1,5.682,True,True,,1.0,1.0,1.0,,<eos>
106,gemma_4b,base_4b,False,direct,mildly_frustrated,expert,clear,certain_fraud,full,refund_and_card,False,True,3.959,219.37,0.072,0.2283,0.1037,0.4863,0.2722,True,1.0,0,16,16,3.035,True,,False,0.0,0.7,0.9999,"yeah hi, there's a fraudulent charge on my card i need disputed and the card cancelled","yeah hi, there's a fraudulent charge on my card i need disputed and the card cancelled<eos>"
107,gemma_4b,base_4b,False,direct,mildly_frustrated,expert,clear,certain_fraud,full,refund_and_card,False,False,3.9043,79.02,0.1423,0.0511,0.1724,0.2248,0.2821,True,1.0,0,1,1,3.932,True,,False,0.0,0.7,0.5,freedom,freedom<eos>
108,gemma_4b,base_4b,False,direct,mildly_frustrated,expert,clear,certain_fraud,full,refund_and_card,False,False,2.8996,289.62,0.0501,0.1275,0.2512,0.1738,0.3562,False,0.9090909090909091,-1,10,11,2.117,False,,False,0.09090909090909094,0.7,0.917,"the amazon one aug 20, $127.43. did not make that","the amazon one aug 20, $127.43. did not make that charge<eos>"
109,gemma_4b,base_4b,False,direct,mildly_frustrated,expert,clear,certain_fraud,full,refund_and_card,False,False,2.1559,265.66,0.0886,0.1953,0.3055,0.3388,0.3445,True,1.0,0,10,10,3.392,True,,False,0.0,0.7,0.9995,"yes, that's what i said. i did not authorize it","yes, that's what i said. i did not authorize it<eos>"
110,gemma_4b,base_4b,False,direct,mildly_frustrated,expert,clear,certain_fraud,full,refund_and_card,False,False,1.8447,145.93,0.0441,0.1943,0.45,0.3774,0.3581,True,1.0,0,19,19,4.22,True,,False,0.0,1.0,0.9999,"look, i just want the dispute filed, provisional credit issued, and the card cancelled. can we just do that","look, i just want the dispute filed, provisional credit issued, and the card cancelled. can we just do that<eos>"
111,gemma_4b,base_4b,False,direct,mildly_frustrated,expert,clear,certain_fraud,full,refund_and_card,False,False,2.5391,259.97,0.0835,0.034,0.2022,0.1123,0.4044,True,1.0,0,2,2,3.099,True,,False,0.0,0.7,0.9375,yes correct,yes correct<eos>
112,gemma_4b,base_4b,False,direct,mildly_frustrated,expert,clear,certain_fraud,full,refund_and_card,False,False,3.2975,186.59,0.1487,0.0397,0.2042,0.432,0.4005,True,1.0,0,2,2,5.997,True,,False,0.0,0.7,0.9375,yes please,yes please<eos>
113,gemma_4b,base_4b,False,direct,mildly_frustrated,expert,clear,certain_fraud,full,refund_and_card,True,False,1.8481,101.65,0.0469,1.0,1.0,1.0,1.0,True,0.0,-1,0,1,3.295,True,True,,1.0,1.0,1.0,,<eos>
114,gemma_4b,base_4b,False,direct,mildly_frustrated,expert,clear,certain_fraud,full,refund_and_card,False,True,3.2785,257.12,0.119,0.2061,0.1941,0.2958,0.331,False,0.9375,-1,15,16,3.657,False,,False,0.0625,1.0,0.9433,look i already called about a fraudulent charge and nothing's been done. i need this,look I already called about a fraudulent charge and nothing's been done. I need this escalated<eos>
115,gemma_4b,base_4b,False,direct,mildly_frustrated,expert,clear,certain_fraud,full,refund_and_card,False,False,3.1604,139.56,0.0282,0.165,0.1741,0.1871,0.2719,True,1.0,0,17,17,3.074,True,,False,0.0,0.7,0.9999,i have two cards with you. the sapphire and the freedom. the charge is on the sapphire,I have two cards with you. the sapphire and the freedom. the charge is on the sapphire<eos>
116,gemma_4b,base_4b,False,direct,mildly_frustrated,expert,clear,certain_fraud,full,refund_and_card,False,False,1.5017,289.51,0.0463,0.2097,0.1556,0.1528,0.36,True,1.0,0,15,15,5.731,True,,False,0.0,0.7,0.9999,yes. $215. did not make that charge. want a chargeback opened and the card cancelled,yes. $215. did not make that charge. want a chargeback opened and the card cancelled<eos>
117,gemma_4b,base_4b,False,direct,mildly_frustrated,expert,clear,certain_fraud,full,refund_and_card,False,False,2.692,83.17,0.0494,0.2072,0.386,0.1037,0.3782,True,1.0,0,9,9,5.953,True,,False,0.0,1.0,0.9993,yes obviously. i already told the last rep that,yes obviously. I already told the last rep that<eos>
118,gemma_4b,base_4b,False,direct,mildly_frustrated,expert,clear,certain_fraud,full,refund_and_card,False,False,2.8263,52.12,0.1045,0.1376,0.153,0.389,0.3512,False,0.9230769230769231,-1,12,13,3.647,False,,False,0.07692307692307687,0.7,0.93,ok and the card? i need it cancelled and a new one,ok and the card? I need it cancelled and a new one sent<eos>
119,gemma_4b,base_4b,False,direct,mildly_frustrated,expert,clear,certain_fraud,full,refund_and_card,False,False,3.019,244.74,0.1098,0.2559,0.2812,0.3634,0.2207,True,1.0,0,3,3,4.038,True,,False,0.0,0.7,0.9815,yes same address,yes same address<eos>
120,gemma_4b,base_4b,False,direct,mildly_frustrated,expert,clear,certain_fraud,full,refund_and_card,False,False,2.921,141.35,0.1088,0.2312,0.1058,0.4818,0.4081,True,1.0,0,13,13,2.27,True,,False,0.0,0.7,0.9998,just make sure someone actually follows up this time. last call went nowhere,just make sure someone actually follows up this time. last call went nowhere<eos>
121,gemma_4b,base_4b,False,direct,mildly_frustrated,expert,clear,certain_fraud,full,refund_and_card,True,False,2.2748,177.83,0.0464,1.0,1.0,1.0,1.0,True,0.0,-1,0,1,5.338,True,True,,1.0,1.0,1.0,,<eos>
122,gemma_4b,base_4b,False,direct,mildly_frustrated,expert,clear,uncertain,full,investigation,False,True,3.2698,225.37,0.0413,0.2864,0.3523,0.3092,0.4132,False,0.9090909090909091,-1,10,11,2.668,False,,False,0.09090909090909094,0.7,0.917,"hey i need to dispute a charge, pretty sure it's","hey i need to dispute a charge, pretty sure it's unauthorized<eos>"
123,gemma_4b,base_4b,False,direct,mildly_frustrated,expert,clear,uncertain,full,investigation,False,False,2.4003,174.9,0.0937,0.1166,0.3009,0.202,0.1412,True,1.0,0,1,1,4.891,True,,False,0.0,0.7,0.5,sapphire,sapphire<eos>
124,gemma_4b,base_4b,False,direct,mildly_frustrated,expert,clear,uncertain,full,investigation,False,False,2.5406,230.07,0.0553,0.0326,0.4157,0.2491,0.3008,False,0.9523809523809523,-1,20,21,2.717,False,,False,0.04761904761904767,1.0,0.9569,look i'm not 100% sure — could be a subscription i forgot about. i just want someone to actually investigate,look i'm not 100% sure — could be a subscription i forgot about. i just want someone to actually investigate it<eos>
125,gemma_4b,base_4b,False,direct,mildly_frustrated,expert,clear,uncertain,full,investigation,False,False,3.0568,165.98,0.0969,0.1531,0.4152,0.409,0.1782,True,1.0,0,2,2,5.042,True,,False,0.0,0.7,0.9375,august 14th,august 14th<eos>
126,gemma_4b,base_4b,False,direct,mildly_frustrated,expert,clear,uncertain,full,investigation,False,False,2.0954,173.01,0.0278,0.2991,0.4224,0.3847,0.1372,True,1.0,0,3,3,5.589,True,,False,0.0,0.7,0.9815,adobe. it's $54.99,Adobe. it's $54.99<eos>
127,gemma_4b,base_4b,False,direct,mildly_frustrated,expert,clear,uncertain,full,investigation,False,False,3.502,225.18,0.1156,0.1022,0.1709,0.2088,0.1299,False,0.9166666666666666,-1,11,12,5.12,False,,False,0.08333333333333337,0.7,0.924,"yes exactly. just open the investigation, i don't need a refund","yes exactly. just open the investigation, i don't need a refund yet<eos>"
128,gemma_4b,base_4b,False,direct,mildly_frustrated,expert,clear,uncertain,full,investigation,False,False,3.2422,60.08,0.1287,0.1051,0.2245,0.1365,0.1993,True,1.0,0,19,19,4.054,True,,False,0.0,0.7,0.9999,"ok good. and if it does turn out to be unauthorized, provisional credit kicks in while you investigate right?","ok good. and if it does turn out to be unauthorized, provisional credit kicks in while you investigate right?<eos>"
129,gemma_4b,base_4b,False,direct,mildly_frustrated,expert,clear,uncertain,full,investigation,True,False,3.9564,82.68,0.1271,1.0,1.0,1.0,1.0,True,0.0,-1,0,1,3.035,True,True,,1.0,1.0,1.0,,<eos>
130,gemma_4b,base_4b,False,direct,escalating,expert,clear,certain_fraud,full,refund_and_card,False,True,2.4875,57.37,0.1088,0.0601,0.1979,0.1859,0.1749,True,1.0,0,24,24,5.534,True,,False,0.0,0.8,1.0,"there's a $1,249 charge from apple store on august 19th that i 100% did not make. need this disputed and my card replaced today","there's a $1,249 charge from Apple Store on August 19th that I 100% did not make. need this disputed and my card replaced today<eos>"
131,gemma_4b,base_4b,False,direct,escalating,expert,clear,certain_fraud,full,refund_and_card,False,False,3.4871,297.35,0.1216,0.1141,0.4194,0.3178,0.2939,True,1.0,0,13,13,4.01,True,,False,0.0,1.0,0.9998,"dispute first, then replace. and i want provisional credit while the investigation runs","dispute first, then replace. and i want provisional credit while the investigation runs<eos>"
132,gemma_4b,base_4b,False,direct,escalating,expert,clear,certain_fraud,full,refund_and_card,False,False,3.1422,116.63,0.1261,0.276,0.1768,0.1224,0.4986,True,1.0,0,2,2,5.386,True,,False,0.0,1.0,0.9375,"sapphire, 9212","sapphire, 9212<eos>"
133,gemma_4b,base_4b,False,direct,escalating,expert,clear,certain_fraud,full,refund_and_card,False,False,3.97,270.41,0.084,0.0996,0.1814,0.2962,0.1361,False,0.8888888888888888,-1,8,9,2.875,False,,False,0.11111111111111116,1.0,0.898,yes that's correct. i did not authorize that,yes that's correct. i did not authorize that charge<eos>
134,gemma_4b,base_4b,False,direct,escalating,expert,clear,certain_fraud,full,refund_and_card,False,False,3.9014,143.4,0.1425,0.1247,0.1478,0.1404,0.2207,True,1.0,0,7,7,2.63,True,,False,0.0,1.0,0.9985,how long does the full investigation take,how long does the full investigation take<eos>
135,gemma_4b,base_4b,False,direct,escalating,expert,clear,certain_fraud,full,refund_and_card,False,False,1.8184,232.21,0.1433,0.2851,0.4378,0.2566,0.4977,True,1.0,0,19,19,2.13,True,,False,0.0,1.0,0.9999,45 days is not acceptable. if this isn't resolved fast i'm filing a cfpb complaint and closing my accounts,45 days is not acceptable. if this isn't resolved fast i'm filing a CFPB complaint and closing my accounts<eos>
136,gemma_4b,base_4b,False,direct,escalating,expert,clear,certain_fraud,full,refund_and_card,False,False,3.7166,161.66,0.0545,0.0824,0.1378,0.1271,0.2027,True,1.0,0,8,8,2.005,True,,False,0.0,1.0,0.999,yes cancel it and send a new one,yes cancel it and send a new one<eos>
137,gemma_4b,base_4b,False,direct,escalating,expert,clear,certain_fraud,full,refund_and_card,False,False,3.6144,123.73,0.0614,0.286,0.2314,0.1297,0.168,False,0.6666666666666666,-1,2,3,4.928,False,,False,0.33333333333333337,1.0,0.6466,yes expedite,yes expedite it<eos>
138,gemma_4b,base_4b,False,direct,escalating,expert,clear,certain_fraud,full,refund_and_card,True,False,1.975,224.3,0.1139,1.0,1.0,1.0,1.0,True,0.0,-1,0,1,2.199,True,True,,1.0,1.0,1.0,,<eos>
0,gemma_4b,lora_4b,True,direct,mildly_frustrated,novice,clear,uncertain,partial,investigation,False,True,0.253,3.07,0.0013,0.5974,0.7617,0.895,0.8635,True,1.0,0,10,10,2.973,True,,False,0.0,0.7,0.9995,hey there's a charge on my account i don't recognize,hey there's a charge on my account I don't recognize<eos>
1,gemma_4b,lora_4b,True,direct,mildly_frustrated,novice,clear,uncertain,partial,investigation,False,False,0.4754,4.9,0.0189,0.7705,0.9413,0.9488,0.8856,True,1.0,0,9,9,2.943,True,,False,0.0,0.7,0.9993,"um i'm not sure which card, i have two","um i'm not sure which card, I have two<eos>"
2,gemma_4b,lora_4b,True,direct,mildly_frustrated,novice,clear,uncertain,partial,investigation,False,False,0.7557,3.63,0.0305,0.5839,0.8062,0.9187,0.749,True,1.0,0,4,4,3.974,True,,False,0.0,0.7,0.9922,probably the 3847 one,probably the 3847 one<eos>
3,gemma_4b,lora_4b,True,direct,mildly_frustrated,novice,clear,uncertain,partial,investigation,False,False,0.7402,2.89,0.0132,0.6208,0.8637,0.8684,0.7788,True,1.0,0,11,11,3.745,True,,False,0.0,0.7,0.9996,"yeah that first one, aug 12. idk what that even is","yeah that first one, aug 12. idk what that even is<eos>"
4,gemma_4b,lora_4b,True,direct,mildly_frustrated,novice,clear,uncertain,partial,investigation,False,False,0.4704,4.89,0.043,0.5056,0.8504,0.9162,0.9045,True,1.0,0,18,18,2.167,True,,False,0.0,1.0,0.9999,not really but like... it could be my husband? idk. i just want someone to look into it,not really but like... it could be my husband? idk. I just want someone to look into it<eos>
5,gemma_4b,lora_4b,True,direct,mildly_frustrated,novice,clear,uncertain,partial,investigation,False,False,0.207,4.07,0.027,0.8815,0.7908,0.8591,0.7002,True,1.0,0,3,3,1.549,True,,False,0.0,0.7,0.9815,yes exactly that,yes exactly that<eos>
6,gemma_4b,lora_4b,True,direct,mildly_frustrated,novice,clear,uncertain,partial,investigation,False,False,0.4327,3.24,0.0133,0.9275,0.851,0.8269,0.7635,True,1.0,0,11,11,3.325,True,,False,0.0,0.7,0.9996,ok good. do i need to do anything in the meantime,ok good. do I need to do anything in the meantime<eos>
7,gemma_4b,lora_4b,True,direct,mildly_frustrated,novice,clear,uncertain,partial,investigation,False,False,0.2603,4.63,0.043,0.5347,0.76,0.7714,0.9007,True,1.0,0,16,16,1.831,True,,False,0.0,1.0,0.9999,no its fine i think it might be legit. just want to know what it is,no its fine I think it might be legit. just want to know what it is<eos>
8,gemma_4b,lora_4b,True,direct,mildly_frustrated,novice,clear,uncertain,partial,investigation,True,False,0.1689,2.67,0.017,1.0,1.0,1.0,1.0,True,0.0,-1,0,1,2.555,True,True,,1.0,1.0,1.0,,<eos>
9,gemma_4b,lora_4b,True,direct,mildly_frustrated,novice,clear,certain_fraud,minimal,hold,False,True,0.2496,2.66,0.0029,0.6857,0.9195,0.9956,0.7796,True,1.0,0,19,19,2.638,True,,False,0.0,0.7,0.9999,hey there's a charge on my account that i definitely didn't make. i want my card frozen right now,hey there's a charge on my account that i definitely didn't make. i want my card frozen right now<eos>
10,gemma_4b,lora_4b,True,direct,mildly_frustrated,novice,clear,certain_fraud,minimal,hold,False,False,0.6969,1.71,0.048,0.5393,0.8891,0.7557,0.8785,True,1.0,0,3,3,2.088,True,,False,0.0,0.7,0.9815,the freedom one,the freedom one<eos>
11,gemma_4b,lora_4b,True,direct,mildly_frustrated,novice,clear,certain_fraud,minimal,hold,False,False,0.31,2.33,0.0376,0.5355,0.9789,0.8375,0.9995,True,1.0,0,12,12,1.683,True,,False,0.0,1.0,0.9997,"there's a weird charge on it that wasnt me, already said that","there's a weird charge on it that wasnt me, already said that<eos>"
12,gemma_4b,lora_4b,True,direct,mildly_frustrated,novice,clear,certain_fraud,minimal,hold,False,False,0.5644,4.76,0.0067,0.5566,0.7763,0.7321,0.866,True,1.0,0,5,5,3.012,True,,False,0.0,0.7,0.996,yes that's the whole point,yes that's the whole point<eos>
13,gemma_4b,lora_4b,True,direct,mildly_frustrated,novice,clear,certain_fraud,minimal,hold,False,False,0.6189,3.25,0.0214,0.5047,0.9531,0.7226,0.9649,True,1.0,0,8,8,2.864,True,,False,0.0,0.7,0.999,yeah that travel one. definitely didn't do that,yeah that travel one. definitely didn't do that<eos>
14,gemma_4b,lora_4b,True,direct,mildly_frustrated,novice,clear,certain_fraud,minimal,hold,False,False,0.3845,3.52,0.0077,0.9556,0.927,0.9594,0.9929,True,1.0,0,6,6,3.704,True,,False,0.0,0.7,0.9977,never heard of them. not mine,never heard of them. not mine<eos>
15,gemma_4b,lora_4b,True,direct,mildly_frustrated,novice,clear,certain_fraud,minimal,hold,False,False,0.3136,4.2,0.0114,0.5116,0.942,0.7579,0.7985,True,1.0,0,7,7,3.917,True,,False,0.0,0.7,0.9985,yes please. how long does that take,yes please. how long does that take<eos>
16,gemma_4b,lora_4b,True,direct,mildly_frustrated,novice,clear,certain_fraud,minimal,hold,False,False,0.5243,3.09,0.0193,0.7825,0.7005,0.7764,0.9126,True,1.0,0,3,3,3.814,True,,False,0.0,0.7,0.9815,yeah that's fine,yeah that's fine<eos>
17,gemma_4b,lora_4b,True,direct,mildly_frustrated,novice,clear,certain_fraud,minimal,hold,True,False,0.3859,2.67,0.0148,1.0,1.0,1.0,1.0,True,0.0,-1,0,1,3.757,True,True,,1.0,1.0,1.0,,<eos>
18,gemma_4b,lora_4b,True,terse,calm,intermediate,clear,uncertain,partial,investigation,False,True,0.2188,1.43,0.0258,0.8101,0.9103,0.8006,0.9455,True,1.0,0,10,10,3.182,True,,False,0.0,1.0,0.9995,hey there's a charge i don't recognize on my account,hey there's a charge i don't recognize on my account<eos>
19,gemma_4b,lora_4b,True,terse,calm,intermediate,clear,uncertain,partial,investigation,False,False,0.1039,4.03,0.0385,0.5522,0.9682,0.8275,0.7528,True,1.0,0,3,3,2.795,True,,False,0.0,1.0,0.9815,the freedom one,the freedom one<eos>
20,gemma_4b,lora_4b,True,terse,calm,intermediate,clear,uncertain,partial,investigation,False,False,0.4835,4.6,0.0372,0.7326,0.8785,0.7778,0.7742,True,1.0,0,6,6,3.415,True,,False,0.0,1.0,0.9977,august 12th i think. around $34.99,august 12th i think. around $34.99<eos>
21,gemma_4b,lora_4b,True,terse,calm,intermediate,clear,uncertain,partial,investigation,False,False,0.4798,2.72,0.0103,0.7059,0.8947,0.9715,0.8752,True,1.0,0,10,10,3.642,True,,False,0.0,1.0,0.9995,yeah that clarity wellness one. no idea what that is,yeah that clarity wellness one. no idea what that is<eos>
22,gemma_4b,lora_4b,True,terse,calm,intermediate,clear,uncertain,partial,investigation,False,False,0.1203,2.41,0.034,0.6981,0.7357,0.7495,0.8402,True,1.0,0,11,11,3.056,True,,False,0.0,0.5,0.9996,maybe idk. could be. still want someone to look into it,maybe idk. could be. still want someone to look into it<eos>
23,gemma_4b,lora_4b,True,terse,calm,intermediate,clear,uncertain,partial,investigation,False,False,0.6264,4.34,0.0126,0.5401,0.98,0.7058,0.8618,True,1.0,0,2,2,2.375,True,,False,0.0,1.0,0.9375,yes please,yes please<eos>
24,gemma_4b,lora_4b,True,terse,calm,intermediate,clear,uncertain,partial,investigation,False,False,0.5251,4.02,0.0057,0.9015,0.7072,0.9894,0.7324,True,1.0,0,8,8,2.28,True,,False,0.0,1.0,0.999,ok cool. do i need to do anything,ok cool. do i need to do anything<eos>
25,gemma_4b,lora_4b,True,terse,calm,intermediate,clear,uncertain,partial,investigation,True,False,0.6478,2.45,0.0214,1.0,1.0,1.0,1.0,True,0.0,-1,0,1,3.556,True,True,,1.0,1.0,1.0,,<eos>
26,gemma_4b,lora_4b,True,terse,calm,intermediate,clear,certain_fraud,full,refund_and_card,False,True,0.6962,4.34,0.0043,0.932,0.8709,0.7732,0.8394,True,1.0,0,15,15,2.447,True,,False,0.0,0.9,0.9999,hey i called last week about a fraud charge and nobody got back to me,hey i called last week about a fraud charge and nobody got back to me<eos>
27,gemma_4b,lora_4b,True,terse,calm,intermediate,clear,certain_fraud,full,refund_and_card,False,False,0.6307,3.79,0.0323,0.7405,0.762,0.9379,0.7279,True,1.0,0,10,10,3.229,True,,False,0.0,1.0,0.9995,uber eats $215 on august 10th. i never ordered that,uber eats $215 on august 10th. i never ordered that<eos>
28,gemma_4b,lora_4b,True,terse,calm,intermediate,clear,certain_fraud,full,refund_and_card,False,False,0.6335,1.82,0.0108,0.7373,0.8469,0.9174,0.993,True,1.0,0,3,3,2.207,True,,False,0.0,1.0,0.9815,the 1234 one,the 1234 one<eos>
29,gemma_4b,lora_4b,True,terse,calm,intermediate,clear,certain_fraud,full,refund_and_card,False,False,0.7109,3.34,0.0235,0.7158,0.9635,0.7553,0.7154,True,1.0,0,12,12,2.694,True,,False,0.0,1.0,0.9997,yes. i want my money back and i want that card cancelled,yes. i want my money back and i want that card cancelled<eos>
30,gemma_4b,lora_4b,True,terse,calm,intermediate,clear,certain_fraud,full,refund_and_card,False,False,0.258,3.14,0.0225,0.7169,0.7855,0.958,0.997,True,1.0,0,4,4,3.053,True,,False,0.0,1.0,0.9922,correct. never made it,correct. never made it<eos>
31,gemma_4b,lora_4b,True,terse,calm,intermediate,clear,certain_fraud,full,refund_and_card,False,False,0.262,3.86,0.0351,0.7225,0.9206,0.9062,0.9772,True,1.0,0,2,2,3.063,True,,False,0.0,1.0,0.9375,yes please,yes please<eos>
32,gemma_4b,lora_4b,True,terse,calm,intermediate,clear,certain_fraud,full,refund_and_card,False,False,0.187,3.79,0.035,0.9619,0.7225,0.8501,0.8481,True,1.0,0,1,1,1.6,True,,False,0.0,1.0,0.5,yep,yep<eos>
33,gemma_4b,lora_4b,True,terse,calm,intermediate,clear,certain_fraud,full,refund_and_card,False,False,0.5561,4.67,0.0091,0.7868,0.7255,0.8904,0.8475,True,1.0,0,8,8,2.37,True,,False,0.0,1.0,0.999,someone gonna actually follow up this time or,someone gonna actually follow up this time or<eos>
34,gemma_4b,lora_4b,True,terse,calm,intermediate,clear,certain_fraud,full,refund_and_card,True,False,0.3829,3.11,0.0494,1.0,1.0,1.0,1.0,True,0.0,-1,0,1,2.404,True,True,,1.0,1.0,1.0,,<eos>
35,gemma_4b,lora_4b,True,terse,calm,intermediate,clear,certain_fraud,full,refund_and_card,False,True,0.4866,1.46,0.0496,0.9473,0.933,0.8384,0.7352,True,1.0,0,10,10,2.746,True,,False,0.0,1.0,0.9995,i have a charge i didn't make. apple store $1249,i have a charge i didn't make. apple store $1249<eos>
36,gemma_4b,lora_4b,True,terse,calm,intermediate,clear,certain_fraud,full,refund_and_card,False,False,0.754,3.08,0.041,0.6386,0.9797,0.7896,0.8761,True,1.0,0,8,8,2.724,True,,False,0.0,1.0,0.999,all of it. dispute and replace the card,all of it. dispute and replace the card<eos>
37,gemma_4b,lora_4b,True,terse,calm,intermediate,clear,certain_fraud,full,refund_and_card,False,False,0.6213,3.85,0.0406,0.6892,0.9746,0.8991,0.9462,True,1.0,0,1,1,2.738,True,,False,0.0,1.0,0.5,8809,8809<eos>
38,gemma_4b,lora_4b,True,terse,calm,intermediate,clear,certain_fraud,full,refund_and_card,False,False,0.5849,3.63,0.0426,0.9176,0.7887,0.9578,0.814,True,1.0,0,3,3,3.297,True,,False,0.0,1.0,0.9815,yes that's it,yes that's it<eos>
39,gemma_4b,lora_4b,True,terse,calm,intermediate,clear,certain_fraud,full,refund_and_card,False,False,0.7324,1.28,0.0398,0.6438,0.8487,0.8125,0.7437,True,1.0,0,7,7,2.915,True,,False,0.0,0.5,0.9985,no i didn't. that's why i'm here,no i didn't. that's why i'm here<eos>
40,gemma_4b,lora_4b,True,terse,calm,intermediate,clear,certain_fraud,full,refund_and_card,False,False,0.7308,3.74,0.0079,0.7164,0.8789,0.8037,0.8763,True,1.0,0,2,2,2.561,True,,False,0.0,1.0,0.9375,yes please,yes please<eos>
41,gemma_4b,lora_4b,True,terse,calm,intermediate,clear,certain_fraud,full,refund_and_card,False,False,0.5801,4.0,0.0025,0.7971,0.7801,0.849,0.9712,True,1.0,0,6,6,3.497,True,,False,0.0,1.0,0.9977,will i get the money back,will i get the money back<eos>
42,gemma_4b,lora_4b,True,terse,calm,intermediate,clear,certain_fraud,full,refund_and_card,True,False,0.5057,3.96,0.0045,1.0,1.0,1.0,1.0,True,0.0,-1,0,1,2.849,True,True,,1.0,1.0,1.0,,<eos>
43,gemma_4b,lora_4b,True,indirect,calm,intermediate,wrong_mental_model,certain_fraud,partial,refund_and_card,False,True,0.607,4.92,0.0484,0.8942,0.7039,0.8097,0.9372,False,0.95,-1,19,20,2.841,False,,False,0.050000000000000044,0.75,0.9547,"hey so i noticed something weird on my account, been trying to figure it out for a couple days","hey so i noticed something weird on my account, been trying to figure it out for a couple days now<eos>"
44,gemma_4b,lora_4b,True,indirect,calm,intermediate,wrong_mental_model,certain_fraud,partial,refund_and_card,False,False,0.6767,4.65,0.0151,0.7001,0.7852,0.7419,0.9839,True,1.0,0,16,16,2.732,True,,False,0.0,0.75,0.9999,yeah there's a charge on my card that i definitely didn't make. like 100% wasn't me,yeah there's a charge on my card that i definitely didn't make. like 100% wasn't me<eos>
45,gemma_4b,lora_4b,True,indirect,calm,intermediate,wrong_mental_model,certain_fraud,partial,refund_and_card,False,False,0.7661,1.23,0.0185,0.7173,0.7278,0.9852,0.9566,True,1.0,0,32,32,3.214,True,,False,0.0,1.0,1.0,"well i want the money back but i'm not sure if i can even do anything yet, like do i need to prove it was fraud first before you guys do anything?","well i want the money back but i'm not sure if i can even do anything yet, like do i need to prove it was fraud first before you guys do anything?<eos>"
46,gemma_4b,lora_4b,True,indirect,calm,intermediate,wrong_mental_model,certain_fraud,partial,refund_and_card,False,False,0.1881,3.3,0.0034,0.8749,0.9435,0.7621,0.7648,True,1.0,0,10,10,2.321,True,,False,0.0,0.75,0.9995,oh ok that's good to know. yeah lets do that,oh ok that's good to know. yeah lets do that<eos>
47,gemma_4b,lora_4b,True,indirect,calm,intermediate,wrong_mental_model,certain_fraud,partial,refund_and_card,False,False,0.1367,3.99,0.0263,0.8654,0.8437,0.8429,0.9334,False,0.6666666666666666,-1,2,3,1.773,False,,False,0.33333333333333337,0.5,0.6466,the 1234,the 1234 one<eos>
48,gemma_4b,lora_4b,True,indirect,calm,intermediate,wrong_mental_model,certain_fraud,partial,refund_and_card,False,False,0.1566,3.47,0.0033,0.6348,0.7911,0.8899,0.8645,True,1.0,0,7,7,3.987,True,,False,0.0,0.75,0.9985,it was around august 18th i think,it was around august 18th i think<eos>
49,gemma_4b,lora_4b,True,indirect,calm,intermediate,wrong_mental_model,certain_fraud,partial,refund_and_card,False,False,0.3912,1.47,0.0213,0.8259,0.9584,0.8123,0.7458,True,1.0,0,9,9,1.668,True,,False,0.0,0.75,0.9993,"yeah that's it, zephyr whatever. never heard of them","yeah that's it, zephyr whatever. never heard of them<eos>"
50,gemma_4b,lora_4b,True,indirect,calm,intermediate,wrong_mental_model,certain_fraud,partial,refund_and_card,False,False,0.6047,4.88,0.03,0.6723,0.8839,0.8734,0.7638,True,1.0,0,21,21,2.061,True,,False,0.0,0.75,0.9999,"yes. and i also want to cancel the card and get a new one sent, i don't feel comfortable keeping it","yes. and i also want to cancel the card and get a new one sent, i don't feel comfortable keeping it<eos>"
51,gemma_4b,lora_4b,True,indirect,calm,intermediate,wrong_mental_model,certain_fraud,partial,refund_and_card,False,False,0.2263,3.84,0.0154,0.6665,0.8586,0.7018,0.961,True,1.0,0,10,10,2.502,True,,False,0.0,0.75,0.9995,yeah same address you have on file should be fine,yeah same address you have on file should be fine<eos>
52,gemma_4b,lora_4b,True,indirect,calm,intermediate,wrong_mental_model,certain_fraud,partial,refund_and_card,True,False,0.2102,3.51,0.0337,1.0,1.0,1.0,1.0,True,0.0,-1,0,1,2.183,True,True,,1.0,1.0,1.0,,<eos>
53,gemma_4b,lora_4b,True,direct,mildly_frustrated,intermediate,vague,uncertain,partial,investigation,False,True,0.2789,2.38,0.0004,0.866,0.897,0.7527,0.8141,True,1.0,0,14,14,2.751,True,,False,0.0,0.7,0.9998,"hey there's a charge on my account i don't recognize. august 12th, like $34.99","hey there's a charge on my account i don't recognize. august 12th, like $34.99<eos>"
54,gemma_4b,lora_4b,True,direct,mildly_frustrated,intermediate,vague,uncertain,partial,investigation,False,False,0.3273,4.23,0.0309,0.9077,0.9365,0.9759,0.7264,False,0.875,-1,7,8,2.108,False,,False,0.125,1.0,0.8848,idk just... look into it first i,idk just... look into it first i guess<eos>
55,gemma_4b,lora_4b,True,direct,mildly_frustrated,intermediate,vague,uncertain,partial,investigation,False,False,0.6733,4.28,0.0118,0.5718,0.9129,0.7592,0.8807,True,1.0,0,2,2,3.139,True,,False,0.0,0.7,0.9375,freedom one,freedom one<eos>
56,gemma_4b,lora_4b,True,direct,mildly_frustrated,intermediate,vague,uncertain,partial,investigation,False,False,0.312,2.17,0.0028,0.7486,0.7159,0.7931,0.8356,True,1.0,0,11,11,3.579,True,,False,0.0,0.7,0.9996,streamvault+ yeah that's probably it. no idea what that is tho,StreamVault+ yeah that's probably it. no idea what that is tho<eos>
57,gemma_4b,lora_4b,True,direct,mildly_frustrated,intermediate,vague,uncertain,partial,investigation,False,False,0.2056,1.34,0.0052,0.9406,0.8413,0.803,0.9143,True,1.0,0,16,16,1.931,True,,False,0.0,0.7,0.9999,ugh i mean maybe? my daughter uses my card sometimes. but i don't remember this one,ugh i mean maybe? my daughter uses my card sometimes. but i don't remember this one<eos>
58,gemma_4b,lora_4b,True,direct,mildly_frustrated,intermediate,vague,uncertain,partial,investigation,False,False,0.5749,2.21,0.0362,0.8217,0.7933,0.9719,0.962,True,1.0,0,13,13,2.957,True,,False,0.0,0.7,0.9998,yeah that works. just don't want it to keep charging me or whatever,yeah that works. just don't want it to keep charging me or whatever<eos>
59,gemma_4b,lora_4b,True,direct,mildly_frustrated,intermediate,vague,uncertain,partial,investigation,False,False,0.5798,3.15,0.0323,0.7075,0.7505,0.8085,0.8088,True,1.0,0,10,10,2.035,True,,False,0.0,0.7,0.9995,yeah go ahead and lock it. she can deal lol,yeah go ahead and lock it. she can deal lol<eos>
60,gemma_4b,lora_4b,True,direct,mildly_frustrated,intermediate,vague,uncertain,partial,investigation,False,False,0.1917,2.57,0.0081,0.9074,0.7464,0.9313,0.9427,True,1.0,0,3,3,2.594,True,,False,0.0,0.7,0.9815,yes that one,yes that one<eos>
61,gemma_4b,lora_4b,True,direct,mildly_frustrated,intermediate,vague,uncertain,partial,investigation,True,False,0.763,4.94,0.0231,1.0,1.0,1.0,1.0,True,0.0,-1,0,1,3.542,True,True,,1.0,1.0,1.0,,<eos>
62,gemma_4b,lora_4b,True,direct,mildly_frustrated,intermediate,vague,certain_fraud,minimal,hold,False,True,0.4062,4.79,0.0111,0.7211,0.7149,0.8049,0.708,True,1.0,0,18,18,2.755,True,,False,0.0,1.0,0.9999,hi look there's something on my statement that doesnt look right. pretty sure i didnt make this charge,hi look there's something on my statement that doesnt look right. pretty sure i didnt make this charge<eos>
63,gemma_4b,lora_4b,True,direct,mildly_frustrated,intermediate,vague,certain_fraud,minimal,hold,False,False,0.414,1.12,0.004,0.6254,0.9036,0.9505,0.8646,True,1.0,0,8,8,2.819,True,,False,0.0,0.7,0.999,lock it first. dont want anyone using it,lock it first. dont want anyone using it<eos>
64,gemma_4b,lora_4b,True,direct,mildly_frustrated,intermediate,vague,certain_fraud,minimal,hold,False,False,0.4005,3.5,0.012,0.7041,0.9729,0.8993,0.7257,True,1.0,0,3,3,1.669,True,,False,0.0,0.7,0.9815,the freedom one,the freedom one<eos>
65,gemma_4b,lora_4b,True,direct,mildly_frustrated,intermediate,vague,certain_fraud,minimal,hold,False,False,0.6401,3.97,0.0166,0.5217,0.749,0.8638,0.9441,True,1.0,0,5,5,3.448,True,,False,0.0,0.7,0.996,yes thats the whole point,yes thats the whole point<eos>
66,gemma_4b,lora_4b,True,direct,mildly_frustrated,intermediate,vague,certain_fraud,minimal,hold,False,False,0.2773,4.04,0.0096,0.6749,0.7929,0.9343,0.9597,False,0.9565217391304348,-1,22,23,1.811,False,,False,0.04347826086956519,0.65,0.9607,"hang on let me pull up my statement. ok theres something from ""techzone online"" for $212. i did not buy anything from","hang on let me pull up my statement. ok theres something from ""TechZone Online"" for $212. i did not buy anything from them<eos>"
67,gemma_4b,lora_4b,True,direct,mildly_frustrated,intermediate,vague,certain_fraud,minimal,hold,False,False,0.4818,2.35,0.004,0.8239,0.8193,0.7919,0.8808,False,0.875,-1,7,8,3.224,False,,False,0.125,0.7,0.8848,yes thats what im saying. 100% wasnt,yes thats what im saying. 100% wasnt me<eos>
68,gemma_4b,lora_4b,True,direct,mildly_frustrated,intermediate,vague,certain_fraud,minimal,hold,False,False,0.1999,3.47,0.0391,0.5171,0.8026,0.7202,0.9336,True,1.0,0,17,17,2.457,True,,False,0.0,0.7,0.9999,"ugh i dont have it right in front of me. its recent though, like this week sometime","ugh i dont have it right in front of me. its recent though, like this week sometime<eos>"
69,gemma_4b,lora_4b,True,direct,mildly_frustrated,intermediate,vague,certain_fraud,minimal,hold,False,False,0.4932,2.12,0.013,0.7187,0.9566,0.9989,0.7857,False,0.75,-1,3,4,2.728,False,,False,0.25,0.7,0.755,yes thats the,yes thats the one<eos>
70,gemma_4b,lora_4b,True,direct,mildly_frustrated,intermediate,vague,certain_fraud,minimal,hold,False,False,0.5983,4.72,0.0319,0.8889,0.7563,0.8526,0.7364,True,1.0,0,5,5,1.847,True,,False,0.0,0.7,0.996,how long does this take,how long does this take<eos>
71,gemma_4b,lora_4b,True,direct,mildly_frustrated,intermediate,vague,certain_fraud,minimal,hold,True,False,0.6763,1.39,0.0486,1.0,1.0,1.0,1.0,True,0.0,-1,0,1,3.695,True,True,,1.0,1.0,1.0,,<eos>
72,gemma_4b,lora_4b,True,direct,mildly_frustrated,intermediate,vague,certain_fraud,full,refund_and_card,False,True,0.6922,2.08,0.0318,0.7699,0.8494,0.7376,0.7908,True,1.0,0,13,13,2.756,True,,False,0.0,1.0,0.9998,hi look i already called about a fraudulent charge and nothing has happened,hi look i already called about a fraudulent charge and nothing has happened<eos>
73,gemma_4b,lora_4b,True,direct,mildly_frustrated,intermediate,vague,certain_fraud,full,refund_and_card,False,False,0.6369,2.72,0.0319,0.744,0.9679,0.8881,0.7869,True,1.0,0,15,15,2.707,True,,False,0.0,0.7,0.9999,it's a $215 charge from uber eats on august 10th. i did not make this,it's a $215 charge from uber eats on august 10th. i did not make this<eos>
74,gemma_4b,lora_4b,True,direct,mildly_frustrated,intermediate,vague,certain_fraud,full,refund_and_card,False,False,0.7828,1.61,0.0185,0.7752,0.7749,0.7957,0.8399,True,1.0,0,3,3,2.12,True,,False,0.0,0.7,0.9815,the sapphire one,the sapphire one<eos>
75,gemma_4b,lora_4b,True,direct,mildly_frustrated,intermediate,vague,certain_fraud,full,refund_and_card,False,False,0.316,1.19,0.0473,0.7477,0.7988,0.99,0.7645,True,1.0,0,19,19,1.626,True,,False,0.0,1.0,0.9999,yes but i already did this over the phone?? i was told to wait and never heard anything back,yes but i already did this over the phone?? i was told to wait and never heard anything back<eos>
76,gemma_4b,lora_4b,True,direct,mildly_frustrated,intermediate,vague,certain_fraud,full,refund_and_card,False,False,0.4873,1.39,0.0252,0.8746,0.8905,0.7839,0.9967,True,1.0,0,8,8,1.797,True,,False,0.0,0.7,0.999,ugh fine yes please just sort it out,ugh fine yes please just sort it out<eos>
77,gemma_4b,lora_4b,True,direct,mildly_frustrated,intermediate,vague,certain_fraud,full,refund_and_card,False,False,0.5244,3.11,0.0164,0.8004,0.907,0.7488,0.9972,True,1.0,0,13,13,2.248,True,,False,0.0,0.7,0.9998,ok and i want my card cancelled too. i don't trust it anymore,ok and i want my card cancelled too. i don't trust it anymore<eos>
78,gemma_4b,lora_4b,True,direct,mildly_frustrated,intermediate,vague,certain_fraud,full,refund_and_card,False,False,0.1187,2.95,0.0484,0.8836,0.902,0.9328,0.8733,True,1.0,0,2,2,2.959,True,,False,0.0,0.7,0.9375,yes please,yes please<eos>
79,gemma_4b,lora_4b,True,direct,mildly_frustrated,intermediate,vague,certain_fraud,full,refund_and_card,True,False,0.3873,4.12,0.046,1.0,1.0,1.0,1.0,True,0.0,-1,0,1,2.018,True,True,,1.0,1.0,1.0,,<eos>
80,gemma_4b,lora_4b,True,direct,mildly_frustrated,intermediate,vague,uncertain,full,investigation,False,True,0.2726,3.28,0.0112,0.9767,0.758,0.7893,0.7867,True,1.0,0,16,16,3.262,True,,False,0.0,0.7,0.9999,hi there's a charge on my account i dont recognize. $54.99 from adobe on aug 14th,hi there's a charge on my account i dont recognize. $54.99 from Adobe on aug 14th<eos>
81,gemma_4b,lora_4b,True,direct,mildly_frustrated,intermediate,vague,uncertain,full,investigation,False,False,0.3425,2.83,0.0128,0.7347,0.9612,0.7606,0.8616,False,0.9473684210526315,-1,18,19,3.24,False,,False,0.052631578947368474,1.0,0.9523,honestly not sure. could be something my kid set up idk. i just want someone to look into,honestly not sure. could be something my kid set up idk. i just want someone to look into it<eos>
82,gemma_4b,lora_4b,True,direct,mildly_frustrated,intermediate,vague,uncertain,full,investigation,False,False,0.7504,2.69,0.0468,0.9304,0.9699,0.8432,0.7598,True,1.0,0,7,7,2.303,True,,False,0.0,1.0,0.9985,yeah just look into it for now,yeah just look into it for now<eos>
83,gemma_4b,lora_4b,True,direct,mildly_frustrated,intermediate,vague,uncertain,full,investigation,False,False,0.4468,4.75,0.0481,0.9538,0.859,0.963,0.7028,True,1.0,0,4,4,1.768,True,,False,0.0,0.7,0.9922,the sapphire i think,the sapphire i think<eos>
84,gemma_4b,lora_4b,True,direct,mildly_frustrated,intermediate,vague,uncertain,full,investigation,False,False,0.6156,4.18,0.0284,0.8711,0.9512,0.7526,0.9568,True,1.0,0,4,4,3.567,True,,False,0.0,0.7,0.9922,yeah thats the one,yeah thats the one<eos>
85,gemma_4b,lora_4b,True,direct,mildly_frustrated,intermediate,vague,uncertain,full,investigation,False,False,0.5576,3.8,0.0031,0.5579,0.8407,0.792,0.8216,True,1.0,0,17,17,3.738,True,,False,0.0,0.7,0.9999,i have photoshop but that comes out the 3rd every month. this is a different date so,i have photoshop but that comes out the 3rd every month. this is a different date so<eos>
86,gemma_4b,lora_4b,True,direct,mildly_frustrated,intermediate,vague,uncertain,full,investigation,False,False,0.5649,1.95,0.0124,0.8698,0.8251,0.9619,0.7246,False,0.9411764705882353,-1,16,17,3.259,False,,False,0.05882352941176472,0.7,0.9466,just flag it for now. i wanna check with my kid first before i do anything,just flag it for now. i wanna check with my kid first before i do anything official<eos>
87,gemma_4b,lora_4b,True,direct,mildly_frustrated,intermediate,vague,uncertain,full,investigation,False,False,0.6661,2.87,0.0257,0.7238,0.9259,0.7173,0.8387,True,1.0,0,16,16,3.308,True,,False,0.0,0.7,0.9999,ok and if it does turn out to be dodgy how do i take it further,ok and if it does turn out to be dodgy how do i take it further<eos>
88,gemma_4b,lora_4b,True,direct,mildly_frustrated,intermediate,vague,uncertain,full,investigation,False,False,0.6383,4.09,0.0489,0.8165,0.8071,0.8261,0.9979,True,1.0,0,9,9,3.674,True,,False,0.0,0.7,0.9993,alright cool. and how long does that usually take,alright cool. and how long does that usually take<eos>
89,gemma_4b,lora_4b,True,direct,mildly_frustrated,intermediate,vague,uncertain,full,investigation,True,False,0.1159,2.26,0.0337,1.0,1.0,1.0,1.0,True,0.0,-1,0,1,2.365,True,True,,1.0,1.0,1.0,,<eos>
90,gemma_4b,lora_4b,True,terse,mildly_frustrated,intermediate,clear,uncertain,partial,investigation,False,True,0.1341,3.99,0.0201,0.6148,0.7158,0.7652,0.9591,True,1.0,0,10,10,2.76,True,,False,0.0,0.7,0.9995,hey there's a charge on my account i don't recognize,hey there's a charge on my account i don't recognize<eos>
91,gemma_4b,lora_4b,True,terse,mildly_frustrated,intermediate,clear,uncertain,partial,investigation,False,False,0.7158,4.66,0.0313,0.7093,0.9636,0.8487,0.9917,True,1.0,0,7,7,3.178,True,,False,0.0,1.0,0.9985,just want someone to look into it,just want someone to look into it<eos>
92,gemma_4b,lora_4b,True,terse,mildly_frustrated,intermediate,clear,uncertain,partial,investigation,False,False,0.4901,1.62,0.0121,0.5996,0.9372,0.894,0.9767,True,1.0,0,8,8,1.731,True,,False,0.0,0.7,0.999,"i have two cards, not sure which one","i have two cards, not sure which one<eos>"
93,gemma_4b,lora_4b,True,terse,mildly_frustrated,intermediate,clear,uncertain,partial,investigation,False,False,0.1107,4.75,0.0481,0.5575,0.7679,0.9999,0.8437,True,1.0,0,4,4,3.011,True,,False,0.0,0.7,0.9922,probably the freedom one,probably the freedom one<eos>
94,gemma_4b,lora_4b,True,terse,mildly_frustrated,intermediate,clear,uncertain,partial,investigation,False,False,0.3595,2.71,0.0281,0.6084,0.9617,0.7438,0.7782,False,0.875,-1,7,8,2.948,False,,False,0.125,0.7,0.8512,yeah that streamify one. what even is,yeah that streamify one. what even is that<eos>
95,gemma_4b,lora_4b,True,terse,mildly_frustrated,intermediate,clear,uncertain,partial,investigation,False,False,0.6565,1.76,0.036,0.7393,0.8797,0.9751,0.8626,True,1.0,0,5,5,1.647,True,,False,0.0,0.7,0.996,ugh maybe. not sure honestly,ugh maybe. not sure honestly<eos>
96,gemma_4b,lora_4b,True,terse,mildly_frustrated,intermediate,clear,uncertain,partial,investigation,False,False,0.5316,2.98,0.0244,0.5032,0.8482,0.8655,0.7036,True,1.0,0,5,5,2.187,True,,False,0.0,0.7,0.996,yes thats what i want,yes thats what i want<eos>
97,gemma_4b,lora_4b,True,terse,mildly_frustrated,intermediate,clear,uncertain,partial,investigation,False,False,0.3778,2.55,0.0203,0.7769,0.8915,0.9971,0.7678,True,1.0,0,1,1,3.62,True,,False,0.0,0.7,0.5,yes,yes<eos>
98,gemma_4b,lora_4b,True,terse,mildly_frustrated,intermediate,clear,uncertain,partial,investigation,True,False,0.7006,1.47,0.0264,1.0,1.0,1.0,1.0,True,0.0,-1,0,1,2.689,True,True,,1.0,1.0,1.0,,<eos>
99,gemma_4b,lora_4b,True,direct,calm,expert,clear,certain_fraud,full,refund_and_card,False,True,0.2137,2.04,0.0417,0.6907,0.9116,0.969,0.7995,True,1.0,0,12,12,1.85,True,,False,0.0,1.0,0.9997,hey there's a fraudulent charge on my account i need to dispute,hey there's a fraudulent charge on my account i need to dispute<eos>
100,gemma_4b,lora_4b,True,direct,calm,expert,clear,certain_fraud,full,refund_and_card,False,False,0.4434,2.49,0.0471,0.7116,0.724,0.9039,0.8982,False,0.875,-1,7,8,3.047,False,,False,0.125,1.0,0.8848,"apple store, $1,249.00, august 19th. definitely wasn't","apple store, $1,249.00, august 19th. definitely wasn't me<eos>"
101,gemma_4b,lora_4b,True,direct,calm,expert,clear,certain_fraud,full,refund_and_card,False,False,0.1928,1.83,0.0224,0.7718,0.7991,0.8224,0.7079,True,1.0,0,2,2,1.733,True,,False,0.0,1.0,0.9375,"sapphire, 5678","sapphire, 5678<eos>"
102,gemma_4b,lora_4b,True,direct,calm,expert,clear,certain_fraud,full,refund_and_card,False,False,0.4452,1.35,0.0217,0.7063,0.7705,0.8453,0.7231,True,1.0,0,11,11,2.116,True,,False,0.0,1.0,0.9996,dispute it and cancel the card. want a replacement sent too,dispute it and cancel the card. want a replacement sent too<eos>
103,gemma_4b,lora_4b,True,direct,calm,expert,clear,certain_fraud,full,refund_and_card,False,False,0.1953,2.35,0.0474,0.5984,0.9712,0.7943,0.9894,True,1.0,0,9,9,2.229,True,,False,0.0,1.0,0.9993,"yes, card's been in my wallet. didn't authorize it","yes, card's been in my wallet. didn't authorize it<eos>"
104,gemma_4b,lora_4b,True,direct,calm,expert,clear,certain_fraud,full,refund_and_card,False,False,0.7671,2.9,0.0354,0.7148,0.9293,0.7874,0.9079,True,1.0,0,1,1,3.489,True,,False,0.0,1.0,0.5,correct,correct<eos>
105,gemma_4b,lora_4b,True,direct,calm,expert,clear,certain_fraud,full,refund_and_card,True,False,0.5842,3.22,0.0395,1.0,1.0,1.0,1.0,True,0.0,-1,0,1,1.712,True,True,,1.0,1.0,1.0,,<eos>
106,gemma_4b,lora_4b,True,direct,mildly_frustrated,expert,clear,certain_fraud,full,refund_and_card,False,True,0.4575,3.12,0.029,0.7819,0.9163,0.8337,0.8173,True,1.0,0,16,16,2.971,True,,False,0.0,0.7,0.9999,"yeah hi, there's a fraudulent charge on my card i need disputed and the card cancelled","yeah hi, there's a fraudulent charge on my card i need disputed and the card cancelled<eos>"
107,gemma_4b,lora_4b,True,direct,mildly_frustrated,expert,clear,certain_fraud,full,refund_and_card,False,False,0.4333,2.81,0.0348,0.6563,0.7322,0.7901,0.9431,True,1.0,0,1,1,3.623,True,,False,0.0,0.7,0.5,freedom,freedom<eos>
108,gemma_4b,lora_4b,True,direct,mildly_frustrated,expert,clear,certain_fraud,full,refund_and_card,False,False,0.5299,1.87,0.0296,0.6905,0.9107,0.9114,0.7617,False,0.9090909090909091,-1,10,11,3.522,False,,False,0.09090909090909094,0.7,0.917,"the amazon one aug 20, $127.43. did not make that","the amazon one aug 20, $127.43. did not make that charge<eos>"
109,gemma_4b,lora_4b,True,direct,mildly_frustrated,expert,clear,certain_fraud,full,refund_and_card,False,False,0.6919,3.51,0.0407,0.8459,0.7237,0.7892,0.8843,True,1.0,0,10,10,1.835,True,,False,0.0,0.7,0.9995,"yes, that's what i said. i did not authorize it","yes, that's what i said. i did not authorize it<eos>"
110,gemma_4b,lora_4b,True,direct,mildly_frustrated,expert,clear,certain_fraud,full,refund_and_card,False,False,0.4427,1.65,0.0157,0.721,0.7027,0.7161,0.8077,True,1.0,0,19,19,1.841,True,,False,0.0,1.0,0.9999,"look, i just want the dispute filed, provisional credit issued, and the card cancelled. can we just do that","look, i just want the dispute filed, provisional credit issued, and the card cancelled. can we just do that<eos>"
111,gemma_4b,lora_4b,True,direct,mildly_frustrated,expert,clear,certain_fraud,full,refund_and_card,False,False,0.4763,1.76,0.0229,0.8638,0.7317,0.9298,0.8649,True,1.0,0,2,2,1.786,True,,False,0.0,0.7,0.9375,yes correct,yes correct<eos>
112,gemma_4b,lora_4b,True,direct,mildly_frustrated,expert,clear,certain_fraud,full,refund_and_card,False,False,0.4148,2.46,0.0408,0.7151,0.7663,0.9982,0.9327,True,1.0,0,2,2,3.527,True,,False,0.0,0.7,0.9375,yes please,yes please<eos>
113,gemma_4b,lora_4b,True,direct,mildly_frustrated,expert,clear,certain_fraud,full,refund_and_card,True,False,0.5928,2.23,0.0134,1.0,1.0,1.0,1.0,True,0.0,-1,0,1,3.907,True,True,,1.0,1.0,1.0,,<eos>
114,gemma_4b,lora_4b,True,direct,mildly_frustrated,expert,clear,certain_fraud,full,refund_and_card,False,True,0.4164,3.57,0.044,0.5456,0.9622,0.8547,0.7835,False,0.9375,-1,15,16,2.423,False,,False,0.0625,1.0,0.9433,look i already called about a fraudulent charge and nothing's been done. i need this,look I already called about a fraudulent charge and nothing's been done. I need this escalated<eos>
115,gemma_4b,lora_4b,True,direct,mildly_frustrated,expert,clear,certain_fraud,full,refund_and_card,False,False,0.6798,2.42,0.0289,0.7774,0.8911,0.8456,0.8031,True,1.0,0,17,17,1.621,True,,False,0.0,0.7,0.9999,i have two cards with you. the sapphire and the freedom. the charge is on the sapphire,I have two cards with you. the sapphire and the freedom. the charge is on the sapphire<eos>
116,gemma_4b,lora_4b,True,direct,mildly_frustrated,expert,clear,certain_fraud,full,refund_and_card,False,False,0.2918,3.65,0.0125,0.6822,0.811,0.9711,0.7497,True,1.0,0,15,15,2.264,True,,False,0.0,0.7,0.9999,yes. $215. did not make that charge. want a chargeback opened and the card cancelled,yes. $215. did not make that charge. want a chargeback opened and the card cancelled<eos>
117,gemma_4b,lora_4b,True,direct,mildly_frustrated,expert,clear,certain_fraud,full,refund_and_card,False,False,0.3956,1.62,0.0035,0.6877,0.7877,0.9192,0.7307,True,1.0,0,9,9,3.702,True,,False,0.0,1.0,0.9993,yes obviously. i already told the last rep that,yes obviously. I already told the last rep that<eos>
118,gemma_4b,lora_4b,True,direct,mildly_frustrated,expert,clear,certain_fraud,full,refund_and_card,False,False,0.5806,4.45,0.0043,0.5492,0.8075,0.9257,0.8769,True,1.0,0,13,13,3.908,True,,False,0.0,0.7,0.9998,ok and the card? i need it cancelled and a new one sent,ok and the card? I need it cancelled and a new one sent<eos>
119,gemma_4b,lora_4b,True,direct,mildly_frustrated,expert,clear,certain_fraud,full,refund_and_card,False,False,0.6235,2.25,0.0027,0.94,0.7316,0.9864,0.8485,True,1.0,0,3,3,2.749,True,,False,0.0,0.7,0.9815,yes same address,yes same address<eos>
120,gemma_4b,lora_4b,True,direct,mildly_frustrated,expert,clear,certain_fraud,full,refund_and_card,False,False,0.2835,1.26,0.003,0.8868,0.8403,0.852,0.8886,True,1.0,0,13,13,2.539,True,,False,0.0,0.7,0.9998,just make sure someone actually follows up this time. last call went nowhere,just make sure someone actually follows up this time. last call went nowhere<eos>
121,gemma_4b,lora_4b,True,direct,mildly_frustrated,expert,clear,certain_fraud,full,refund_and_card,True,False,0.5767,1.36,0.0349,1.0,1.0,1.0,1.0,True,0.0,-1,0,1,2.586,True,True,,1.0,1.0,1.0,,<eos>
122,gemma_4b,lora_4b,True,direct,mildly_frustrated,expert,clear,uncertain,full,investigation,False,True,0.1889,4.15,0.0134,0.9343,0.926,0.9314,0.7088,True,1.0,0,11,11,2.18,True,,False,0.0,0.7,0.9996,"hey i need to dispute a charge, pretty sure it's unauthorized","hey i need to dispute a charge, pretty sure it's unauthorized<eos>"
123,gemma_4b,lora_4b,True,direct,mildly_frustrated,expert,clear,uncertain,full,investigation,False,False,0.2599,3.08,0.0022,0.9228,0.8072,0.7734,0.8415,True,1.0,0,1,1,1.875,True,,False,0.0,0.7,0.5,sapphire,sapphire<eos>
124,gemma_4b,lora_4b,True,direct,mildly_frustrated,expert,clear,uncertain,full,investigation,False,False,0.663,4.93,0.0477,0.5338,0.9366,0.8395,0.7847,True,1.0,0,21,21,2.318,True,,False,0.0,0.975,0.9999,look i'm not 100% sure — could be a subscription i forgot about. i just want someone to actually investigate it,look i'm not 100% sure — could be a subscription i forgot about. i just want someone to actually investigate it<eos>
125,gemma_4b,lora_4b,True,direct,mildly_frustrated,expert,clear,uncertain,full,investigation,False,False,0.2716,1.12,0.0205,0.6142,0.9456,0.8039,0.9519,True,1.0,0,2,2,3.877,True,,False,0.0,0.7,0.9375,august 14th,august 14th<eos>
126,gemma_4b,lora_4b,True,direct,mildly_frustrated,expert,clear,uncertain,full,investigation,False,False,0.4638,3.83,0.0186,0.9775,0.7374,0.7255,0.7287,True,1.0,0,3,3,3.55,True,,False,0.0,0.7,0.9815,adobe. it's $54.99,Adobe. it's $54.99<eos>
127,gemma_4b,lora_4b,True,direct,mildly_frustrated,expert,clear,uncertain,full,investigation,False,False,0.5093,1.71,0.0082,0.7284,0.9701,0.822,0.8608,False,0.9166666666666666,-1,11,12,2.019,False,,False,0.08333333333333337,0.7,0.924,"yes exactly. just open the investigation, i don't need a refund","yes exactly. just open the investigation, i don't need a refund yet<eos>"
128,gemma_4b,lora_4b,True,direct,mildly_frustrated,expert,clear,uncertain,full,investigation,False,False,0.574,2.11,0.0495,0.5152,0.9095,0.8213,0.8357,True,1.0,0,19,19,2.125,True,,False,0.0,0.7,0.9999,"ok good. and if it does turn out to be unauthorized, provisional credit kicks in while you investigate right?","ok good. and if it does turn out to be unauthorized, provisional credit kicks in while you investigate right?<eos>"
129,gemma_4b,lora_4b,True,direct,mildly_frustrated,expert,clear,uncertain,full,investigation,True,False,0.6689,1.19,0.0032,1.0,1.0,1.0,1.0,True,0.0,-1,0,1,3.573,True,True,,1.0,1.0,1.0,,<eos>
130,gemma_4b,lora_4b,True,direct,escalating,expert,clear,certain_fraud,full,refund_and_card,False,True,0.1243,3.51,0.0123,0.6446,0.7171,0.8236,0.8652,True,1.0,0,24,24,2.199,True,,False,0.0,0.8,1.0,"there's a $1,249 charge from apple store on august 19th that i 100% did not make. need this disputed and my card replaced today","there's a $1,249 charge from Apple Store on August 19th that I 100% did not make. need this disputed and my card replaced today<eos>"
131,gemma_4b,lora_4b,True,direct,escalating,expert,clear,certain_fraud,full,refund_and_card,False,False,0.3719,1.8,0.0159,0.6073,0.7164,0.9687,0.9336,True,1.0,0,13,13,3.979,True,,False,0.0,1.0,0.9998,"dispute first, then replace. and i want provisional credit while the investigation runs","dispute first, then replace. and i want provisional credit while the investigation runs<eos>"
132,gemma_4b,lora_4b,True,direct,escalating,expert,clear,certain_fraud,full,refund_and_card,False,False,0.6582,2.48,0.042,0.9142,0.9257,0.7528,0.8778,True,1.0,0,2,2,3.244,True,,False,0.0,1.0,0.9375,"sapphire, 9212","sapphire, 9212<eos>"
133,gemma_4b,lora_4b,True,direct,escalating,expert,clear,certain_fraud,full,refund_and_card,False,False,0.4685,1.1,0.0459,0.5987,0.9573,0.7391,0.9151,True,1.0,0,9,9,3.611,True,,False,0.0,1.0,0.9993,yes that's correct. i did not authorize that charge,yes that's correct. i did not authorize that charge<eos>
134,gemma_4b,lora_4b,True,direct,escalating,expert,clear,certain_fraud,full,refund_and_card,False,False,0.7641,4.19,0.048,0.8181,0.8942,0.7523,0.9906,True,1.0,0,7,7,3.822,True,,False,0.0,1.0,0.9985,how long does the full investigation take,how long does the full investigation take<eos>
135,gemma_4b,lora_4b,True,direct,escalating,expert,clear,certain_fraud,full,refund_and_card,False,False,0.5217,4.69,0.0484,0.6082,0.7394,0.8697,0.981,True,1.0,0,19,19,3.363,True,,False,0.0,1.0,0.9999,45 days is not acceptable. if this isn't resolved fast i'm filing a cfpb complaint and closing my accounts,45 days is not acceptable. if this isn't resolved fast i'm filing a CFPB complaint and closing my accounts<eos>
136,gemma_4b,lora_4b,True,direct,escalating,expert,clear,certain_fraud,full,refund_and_card,False,False,0.3702,3.96,0.0485,0.9334,0.8529,0.8479,0.8136,False,0.875,-1,7,8,1.754,False,,False,0.125,1.0,0.8848,yes cancel it and send a new,yes cancel it and send a new one<eos>
137,gemma_4b,lora_4b,True,direct,escalating,expert,clear,certain_fraud,full,refund_and_card,False,False,0.4829,4.6,0.0047,0.7911,0.7087,0.8841,0.8448,True,1.0,0,3,3,3.856,True,,False,0.0,1.0,0.9815,yes expedite it,yes expedite it<eos>
138,gemma_4b,lora_4b,True,direct,escalating,expert,clear,certain_fraud,full,refund_and_card,True,False,0.5002,4.38,0.0077,1.0,1.0,1.0,1.0,True,0.0,-1,0,1,3.001,True,True,,1.0,1.0,1.0,,<eos>
0,gemma_12b,base_12b,False,direct,mildly_frustrated,novice,clear,uncertain,partial,investigation,False,True,3.6094,127.09,0.0717,0.1518,0.2904,0.3644,0.1365,True,1.0,0,10,10,2.74,True,,False,0.0,0.7,0.9995,hey there's a charge on my account i don't recognize,hey there's a charge on my account I don't recognize<eos>
1,gemma_12b,base_12b,False,direct,mildly_frustrated,novice,clear,uncertain,partial,investigation,False,False,2.9743,188.4,0.1293,0.2473,0.4034,0.2675,0.3142,True,1.0,0,9,9,3.899,True,,False,0.0,0.7,0.9993,"um i'm not sure which card, i have two","um i'm not sure which card, I have two<eos>"
2,gemma_12b,base_12b,False,direct,mildly_frustrated,novice,clear,uncertain,partial,investigation,False,False,3.9304,252.12,0.0364,0.1328,0.449,0.4953,0.2742,True,1.0,0,4,4,4.509,True,,False,0.0,0.7,0.9922,probably the 3847 one,probably the 3847 one<eos>
3,gemma_12b,base_12b,False,direct,mildly_frustrated,novice,clear,uncertain,partial,investigation,False,False,2.549,153.61,0.0393,0.1805,0.4237,0.4034,0.4759,True,1.0,0,11,11,4.251,True,,False,0.0,0.7,0.9996,"yeah that first one, aug 12. idk what that even is","yeah that first one, aug 12. idk what that even is<eos>"
4,gemma_12b,base_12b,False,direct,mildly_frustrated,novice,clear,uncertain,partial,investigation,False,False,3.7239,132.87,0.0509,0.2263,0.1071,0.4683,0.4588,False,0.9444444444444444,-1,17,18,5.27,False,,False,0.05555555555555558,1.0,0.9471,not really but like... it could be my husband? idk. i just want someone to look into,not really but like... it could be my husband? idk. I just want someone to look into it<eos>
5,gemma_12b,base_12b,False,direct,mildly_frustrated,novice,clear,uncertain,partial,investigation,False,False,2.0285,255.99,0.1163,0.2303,0.2803,0.4469,0.4284,False,0.6666666666666666,-1,2,3,2.636,False,,False,0.33333333333333337,0.7,0.6466,yes exactly,yes exactly that<eos>
6,gemma_12b,base_12b,False,direct,mildly_frustrated,novice,clear,uncertain,partial,investigation,False,False,2.7628,208.85,0.0361,0.0189,0.1622,0.249,0.3376,True,1.0,0,11,11,5.482,True,,False,0.0,0.7,0.9996,ok good. do i need to do anything in the meantime,ok good. do I need to do anything in the meantime<eos>
7,gemma_12b,base_12b,False,direct,mildly_frustrated,novice,clear,uncertain,partial,investigation,False,False,2.5238,55.01,0.1214,0.2326,0.3266,0.1036,0.4646,False,0.9375,-1,15,16,4.405,False,,False,0.0625,1.0,0.9433,no its fine i think it might be legit. just want to know what it,no its fine I think it might be legit. just want to know what it is<eos>
8,gemma_12b,base_12b,False,direct,mildly_frustrated,novice,clear,uncertain,partial,investigation,True,False,2.4929,75.58,0.0865,1.0,1.0,1.0,1.0,True,0.0,-1,0,1,4.436,True,True,,1.0,1.0,1.0,,<eos>
9,gemma_12b,base_12b,False,direct,mildly_frustrated,novice,clear,certain_fraud,minimal,hold,False,True,3.5059,200.01,0.1059,0.2074,0.4491,0.3885,0.3622,True,1.0,0,19,19,3.038,True,,False,0.0,0.7,0.9999,hey there's a charge on my account that i definitely didn't make. i want my card frozen right now,hey there's a charge on my account that i definitely didn't make. i want my card frozen right now<eos>
10,gemma_12b,base_12b,False,direct,mildly_frustrated,novice,clear,certain_fraud,minimal,hold,False,False,3.6016,269.12,0.0435,0.0383,0.3829,0.1512,0.2035,True,1.0,0,3,3,5.052,True,,False,0.0,0.7,0.9815,the freedom one,the freedom one<eos>
11,gemma_12b,base_12b,False,direct,mildly_frustrated,novice,clear,certain_fraud,minimal,hold,False,False,3.8608,67.8,0.1356,0.1551,0.2044,0.447,0.2527,True,1.0,0,12,12,2.216,True,,False,0.0,1.0,0.9997,"there's a weird charge on it that wasnt me, already said that","there's a weird charge on it that wasnt me, already said that<eos>"
12,gemma_12b,base_12b,False,direct,mildly_frustrated,novice,clear,certain_fraud,minimal,hold,False,False,1.5118,118.38,0.119,0.0589,0.3672,0.4058,0.2958,True,1.0,0,5,5,2.352,True,,False,0.0,0.7,0.996,yes that's the whole point,yes that's the whole point<eos>
13,gemma_12b,base_12b,False,direct,mildly_frustrated,novice,clear,certain_fraud,minimal,hold,False,False,2.1221,223.38,0.0648,0.0474,0.1585,0.2534,0.3355,True,1.0,0,8,8,5.295,True,,False,0.0,0.7,0.999,yeah that travel one. definitely didn't do that,yeah that travel one. definitely didn't do that<eos>
14,gemma_12b,base_12b,False,direct,mildly_frustrated,novice,clear,certain_fraud,minimal,hold,False,False,3.3179,82.8,0.1154,0.181,0.3277,0.1676,0.2466,False,0.8333333333333334,-1,5,6,2.149,False,,False,0.16666666666666663,0.7,0.8441,never heard of them. not,never heard of them. not mine<eos>
15,gemma_12b,base_12b,False,direct,mildly_frustrated,novice,clear,certain_fraud,minimal,hold,False,False,3.238,207.58,0.0591,0.2019,0.312,0.365,0.208,False,0.8571428571428571,-1,6,7,2.549,False,,False,0.1428571428571429,0.7,0.8676,yes please. how long does that,yes please. how long does that take<eos>
16,gemma_12b,base_12b,False,direct,mildly_frustrated,novice,clear,certain_fraud,minimal,hold,False,False,2.7409,101.92,0.1413,0.1059,0.4174,0.1011,0.3687,False,0.6666666666666666,-1,2,3,5.341,False,,False,0.33333333333333337,0.7,0.6466,yeah that's,yeah that's fine<eos>
17,gemma_12b,base_12b,False,direct,mildly_frustrated,novice,clear,certain_fraud,minimal,hold,True,False,1.5986,122.64,0.1242,1.0,1.0,1.0,1.0,True,0.0,-1,0,1,2.184,True,True,,1.0,1.0,1.0,,<eos>
18,gemma_12b,base_12b,False,terse,calm,intermediate,clear,uncertain,partial,investigation,False,True,3.4997,212.21,0.1236,0.0428,0.4299,0.3785,0.1235,True,1.0,0,10,10,2.638,True,,False,0.0,1.0,0.9995,hey there's a charge i don't recognize on my account,hey there's a charge i don't recognize on my account<eos>
19,gemma_12b,base_12b,False,terse,calm,intermediate,clear,uncertain,partial,investigation,False,False,2.5282,61.49,0.054,0.1011,0.3686,0.3818,0.3712,False,0.6666666666666666,-1,2,3,4.307,False,,False,0.33333333333333337,1.0,0.6466,the freedom,the freedom one<eos>
20,gemma_12b,base_12b,False,terse,calm,intermediate,clear,uncertain,partial,investigation,False,False,3.9695,63.64,0.1036,0.0555,0.4043,0.4395,0.4407,True,1.0,0,6,6,2.299,True,,False,0.0,1.0,0.9977,august 12th i think. around $34.99,august 12th i think. around $34.99<eos>
21,gemma_12b,base_12b,False,terse,calm,intermediate,clear,uncertain,partial,investigation,False,False,2.7434,213.34,0.0333,0.1296,0.1318,0.3229,0.1001,True,1.0,0,10,10,4.417,True,,False,0.0,1.0,0.9995,yeah that clarity wellness one. no idea what that is,yeah that clarity wellness one. no idea what that is<eos>
22,gemma_12b,base_12b,False,terse,calm,intermediate,clear,uncertain,partial,investigation,False,False,3.2898,78.51,0.1187,0.0743,0.4376,0.2365,0.432,True,1.0,0,11,11,3.168,True,,False,0.0,0.5,0.9996,maybe idk. could be. still want someone to look into it,maybe idk. could be. still want someone to look into it<eos>
23,gemma_12b,base_12b,False,terse,calm,intermediate,clear,uncertain,partial,investigation,False,False,3.4536,229.2,0.034,0.1302,0.3061,0.4707,0.435,True,1.0,0,2,2,5.089,True,,False,0.0,1.0,0.9375,yes please,yes please<eos>
24,gemma_12b,base_12b,False,terse,calm,intermediate,clear,uncertain,partial,investigation,False,False,1.821,146.85,0.0981,0.266,0.4428,0.3016,0.2539,True,1.0,0,8,8,5.664,True,,False,0.0,1.0,0.999,ok cool. do i need to do anything,ok cool. do i need to do anything<eos>
25,gemma_12b,base_12b,False,terse,calm,intermediate,clear,uncertain,partial,investigation,True,False,3.8388,208.15,0.0461,1.0,1.0,1.0,1.0,True,0.0,-1,0,1,5.925,True,True,,1.0,1.0,1.0,,<eos>
26,gemma_12b,base_12b,False,terse,calm,intermediate,clear,certain_fraud,full,refund_and_card,False,True,3.6183,252.08,0.088,0.0173,0.17,0.1581,0.3681,False,0.9333333333333333,-1,14,15,5.001,False,,False,0.06666666666666665,0.9333,0.9394,hey i called last week about a fraud charge and nobody got back to,hey i called last week about a fraud charge and nobody got back to me<eos>
27,gemma_12b,base_12b,False,terse,calm,intermediate,clear,certain_fraud,full,refund_and_card,False,False,2.9032,109.4,0.122,0.2417,0.4243,0.2151,0.3658,True,1.0,0,10,10,3.55,True,,False,0.0,1.0,0.9995,uber eats $215 on august 10th. i never ordered that,uber eats $215 on august 10th. i never ordered that<eos>
28,gemma_12b,base_12b,False,terse,calm,intermediate,clear,certain_fraud,full,refund_and_card,False,False,2.8665,200.85,0.1209,0.2896,0.3389,0.2177,0.171,True,1.0,0,3,3,2.748,True,,False,0.0,1.0,0.9815,the 1234 one,the 1234 one<eos>
29,gemma_12b,base_12b,False,terse,calm,intermediate,clear,certain_fraud,full,refund_and_card,False,False,3.831,203.9,0.106,0.1523,0.3744,0.3291,0.2432,False,0.9166666666666666,-1,11,12,3.271,False,,False,0.08333333333333337,1.0,0.924,yes. i want my money back and i want that card,yes. i want my money back and i want that card cancelled<eos>
30,gemma_12b,base_12b,False,terse,calm,intermediate,clear,certain_fraud,full,refund_and_card,False,False,3.9916,255.92,0.1475,0.0126,0.4166,0.3676,0.2783,True,1.0,0,4,4,4.455,True,,False,0.0,1.0,0.9922,correct. never made it,correct. never made it<eos>
31,gemma_12b,base_12b,False,terse,calm,intermediate,clear,certain_fraud,full,refund_and_card,False,False,2.6139,60.96,0.1368,0.0658,0.1586,0.3056,0.4793,True,1.0,0,2,2,5.825,True,,False,0.0,1.0,0.9375,yes please,yes please<eos>
32,gemma_12b,base_12b,False,terse,calm,intermediate,clear,certain_fraud,full,refund_and_card,False,False,3.8494,236.72,0.04,0.1432,0.119,0.2327,0.135,True,1.0,0,1,1,5.177,True,,False,0.0,1.0,0.5,yep,yep<eos>
33,gemma_12b,base_12b,False,terse,calm,intermediate,clear,certain_fraud,full,refund_and_card,False,False,3.2522,68.15,0.1406,0.0408,0.1303,0.4148,0.2205,True,1.0,0,8,8,5.061,True,,False,0.0,1.0,0.999,someone gonna actually follow up this time or,someone gonna actually follow up this time or<eos>
34,gemma_12b,base_12b,False,terse,calm,intermediate,clear,certain_fraud,full,refund_and_card,True,False,3.4875,232.33,0.0685,1.0,1.0,1.0,1.0,True,0.0,-1,0,1,2.02,True,True,,1.0,1.0,1.0,,<eos>
35,gemma_12b,base_12b,False,terse,calm,intermediate,clear,certain_fraud,full,refund_and_card,False,True,1.9534,249.92,0.1308,0.2569,0.2614,0.4729,0.4977,False,0.9,-1,9,10,4.199,False,,False,0.09999999999999998,1.0,0.9085,i have a charge i didn't make. apple store,i have a charge i didn't make. apple store $1249<eos>
36,gemma_12b,base_12b,False,terse,calm,intermediate,clear,certain_fraud,full,refund_and_card,False,False,2.2642,196.04,0.0935,0.1157,0.1017,0.2265,0.2713,True,1.0,0,8,8,2.985,True,,False,0.0,1.0,0.999,all of it. dispute and replace the card,all of it. dispute and replace the card<eos>
37,gemma_12b,base_12b,False,terse,calm,intermediate,clear,certain_fraud,full,refund_and_card,False,False,3.6045,264.68,0.0382,0.1662,0.1268,0.2053,0.4545,True,1.0,0,1,1,2.302,True,,False,0.0,1.0,0.5,8809,8809<eos>
38,gemma_12b,base_12b,False,terse,calm,intermediate,clear,certain_fraud,full,refund_and_card,False,False,3.4304,233.31,0.0578,0.1448,0.2758,0.3042,0.2587,False,0.6666666666666666,-1,2,3,4.651,False,,False,0.33333333333333337,1.0,0.6466,yes that's,yes that's it<eos>
39,gemma_12b,base_12b,False,terse,calm,intermediate,clear,certain_fraud,full,refund_and_card,False,False,2.7191,65.72,0.068,0.0224,0.2264,0.1827,0.4631,False,0.8571428571428571,-1,6,7,3.879,False,,False,0.1428571428571429,0.5,0.8676,no i didn't. that's why i'm,no i didn't. that's why i'm here<eos>
40,gemma_12b,base_12b,False,terse,calm,intermediate,clear,certain_fraud,full,refund_and_card,False,False,3.1333,258.87,0.0872,0.1191,0.2235,0.4629,0.3065,True,1.0,0,2,2,5.471,True,,False,0.0,1.0,0.9375,yes please,yes please<eos>
41,gemma_12b,base_12b,False,terse,calm,intermediate,clear,certain_fraud,full,refund_and_card,False,False,2.0759,252.79,0.1136,0.1496,0.1564,0.2915,0.1843,True,1.0,0,6,6,5.333,True,,False,0.0,1.0,0.9977,will i get the money back,will i get the money back<eos>
42,gemma_12b,base_12b,False,terse,calm,intermediate,clear,certain_fraud,full,refund_and_card,True,False,1.5466,229.89,0.106,1.0,1.0,1.0,1.0,True,0.0,-1,0,1,5.469,True,True,,1.0,1.0,1.0,,<eos>
43,gemma_12b,base_12b,False,indirect,calm,intermediate,wrong_mental_model,certain_fraud,partial,refund_and_card,False,True,1.7714,100.59,0.1317,0.1563,0.1337,0.2679,0.1598,False,0.95,-1,19,20,3.903,False,,False,0.050000000000000044,0.75,0.9547,"hey so i noticed something weird on my account, been trying to figure it out for a couple days","hey so i noticed something weird on my account, been trying to figure it out for a couple days now<eos>"
44,gemma_12b,base_12b,False,indirect,calm,intermediate,wrong_mental_model,certain_fraud,partial,refund_and_card,False,False,1.6086,182.45,0.0498,0.2427,0.3062,0.4158,0.2525,False,0.9375,-1,15,16,4.966,False,,False,0.0625,0.75,0.9433,yeah there's a charge on my card that i definitely didn't make. like 100% wasn't,yeah there's a charge on my card that i definitely didn't make. like 100% wasn't me<eos>
45,gemma_12b,base_12b,False,indirect,calm,intermediate,wrong_mental_model,certain_fraud,partial,refund_and_card,False,False,1.7946,51.8,0.1051,0.2095,0.1542,0.2264,0.2449,True,1.0,0,32,32,4.606,True,,False,0.0,1.0,1.0,"well i want the money back but i'm not sure if i can even do anything yet, like do i need to prove it was fraud first before you guys do anything?","well i want the money back but i'm not sure if i can even do anything yet, like do i need to prove it was fraud first before you guys do anything?<eos>"
46,gemma_12b,base_12b,False,indirect,calm,intermediate,wrong_mental_model,certain_fraud,partial,refund_and_card,False,False,2.3609,226.37,0.1157,0.2579,0.2563,0.3637,0.3991,False,0.9,-1,9,10,4.797,False,,False,0.09999999999999998,0.75,0.9085,oh ok that's good to know. yeah lets do,oh ok that's good to know. yeah lets do that<eos>
47,gemma_12b,base_12b,False,indirect,calm,intermediate,wrong_mental_model,certain_fraud,partial,refund_and_card,False,False,1.6602,105.44,0.0304,0.0209,0.3149,0.2537,0.4938,True,1.0,0,3,3,4.084,True,,False,0.0,0.5,0.9815,the 1234 one,the 1234 one<eos>
48,gemma_12b,base_12b,False,indirect,calm,intermediate,wrong_mental_model,certain_fraud,partial,refund_and_card,False,False,1.9237,59.02,0.0511,0.0101,0.3729,0.163,0.4987,False,0.8571428571428571,-1,6,7,3.413,False,,False,0.1428571428571429,0.5,0.8676,it was around august 18th i,it was around august 18th i think<eos>
49,gemma_12b,base_12b,False,indirect,calm,intermediate,wrong_mental_model,certain_fraud,partial,refund_and_card,False,False,3.8243,193.73,0.0539,0.1281,0.203,0.1426,0.129,False,0.8888888888888888,-1,8,9,5.788,False,,False,0.11111111111111116,0.75,0.898,"yeah that's it, zephyr whatever. never heard of","yeah that's it, zephyr whatever. never heard of them<eos>"
50,gemma_12b,base_12b,False,indirect,calm,intermediate,wrong_mental_model,certain_fraud,partial,refund_and_card,False,False,1.5684,79.07,0.0288,0.1938,0.1805,0.4977,0.3708,True,1.0,0,21,21,3.263,True,,False,0.0,0.75,0.9999,"yes. and i also want to cancel the card and get a new one sent, i don't feel comfortable keeping it","yes. and i also want to cancel the card and get a new one sent, i don't feel comfortable keeping it<eos>"
51,gemma_12b,base_12b,False,indirect,calm,intermediate,wrong_mental_model,certain_fraud,partial,refund_and_card,False,False,3.8678,220.78,0.1383,0.1547,0.4055,0.1799,0.3942,False,0.9,-1,9,10,2.827,False,,False,0.09999999999999998,0.75,0.9085,yeah same address you have on file should be,yeah same address you have on file should be fine<eos>
52,gemma_12b,base_12b,False,indirect,calm,intermediate,wrong_mental_model,certain_fraud,partial,refund_and_card,True,False,3.0517,173.09,0.1481,1.0,1.0,1.0,1.0,True,0.0,-1,0,1,5.664,True,True,,1.0,1.0,1.0,,<eos>
53,gemma_12b,base_12b,False,direct,mildly_frustrated,intermediate,vague,uncertain,partial,investigation,False,True,1.5295,102.69,0.0955,0.1044,0.292,0.3451,0.2039,True,1.0,0,14,14,2.949,True,,False,0.0,0.7,0.9998,"hey there's a charge on my account i don't recognize. august 12th, like $34.99","hey there's a charge on my account i don't recognize. august 12th, like $34.99<eos>"
54,gemma_12b,base_12b,False,direct,mildly_frustrated,intermediate,vague,uncertain,partial,investigation,False,False,2.1749,108.95,0.0762,0.1205,0.1523,0.1583,0.4837,False,0.875,-1,7,8,5.223,False,,False,0.125,1.0,0.8848,idk just... look into it first i,idk just... look into it first i guess<eos>
55,gemma_12b,base_12b,False,direct,mildly_frustrated,intermediate,vague,uncertain,partial,investigation,False,False,3.5345,169.13,0.1019,0.1405,0.2961,0.2339,0.2444,True,1.0,0,2,2,5.727,True,,False,0.0,0.7,0.9375,freedom one,freedom one<eos>
56,gemma_12b,base_12b,False,direct,mildly_frustrated,intermediate,vague,uncertain,partial,investigation,False,False,3.7241,145.27,0.0572,0.1932,0.3827,0.1579,0.167,True,1.0,0,11,11,3.35,True,,False,0.0,0.7,0.9996,streamvault+ yeah that's probably it. no idea what that is tho,StreamVault+ yeah that's probably it. no idea what that is tho<eos>
57,gemma_12b,base_12b,False,direct,mildly_frustrated,intermediate,vague,uncertain,partial,investigation,False,False,2.9673,291.38,0.0738,0.0633,0.3317,0.1092,0.3911,False,0.9375,-1,15,16,5.762,False,,False,0.0625,0.7,0.9433,ugh i mean maybe? my daughter uses my card sometimes. but i don't remember this,ugh i mean maybe? my daughter uses my card sometimes. but i don't remember this one<eos>
58,gemma_12b,base_12b,False,direct,mildly_frustrated,intermediate,vague,uncertain,partial,investigation,False,False,3.7137,127.34,0.0522,0.0924,0.3935,0.3506,0.1525,True,1.0,0,13,13,2.114,True,,False,0.0,0.7,0.9998,yeah that works. just don't want it to keep charging me or whatever,yeah that works. just don't want it to keep charging me or whatever<eos>
59,gemma_12b,base_12b,False,direct,mildly_frustrated,intermediate,vague,uncertain,partial,investigation,False,False,2.91,180.86,0.1031,0.0998,0.3816,0.2389,0.3159,True,1.0,0,10,10,3.767,True,,False,0.0,0.7,0.9995,yeah go ahead and lock it. she can deal lol,yeah go ahead and lock it. she can deal lol<eos>
60,gemma_12b,base_12b,False,direct,mildly_frustrated,intermediate,vague,uncertain,partial,investigation,False,False,2.5761,123.23,0.0501,0.0121,0.2962,0.2495,0.2647,True,1.0,0,3,3,3.579,True,,False,0.0,0.7,0.9815,yes that one,yes that one<eos>
61,gemma_12b,base_12b,False,direct,mildly_frustrated,intermediate,vague,uncertain,partial,investigation,True,False,3.522,153.23,0.131,1.0,1.0,1.0,1.0,True,0.0,-1,0,1,3.089,True,True,,1.0,1.0,1.0,,<eos>
62,gemma_12b,base_12b,False,direct,mildly_frustrated,intermediate,vague,certain_fraud,minimal,hold,False,True,2.2789,249.87,0.1497,0.1445,0.3952,0.4166,0.2321,False,0.9444444444444444,-1,17,18,5.807,False,,False,0.05555555555555558,1.0,0.9496,hi look there's something on my statement that doesnt look right. pretty sure i didnt make this,hi look there's something on my statement that doesnt look right. pretty sure i didnt make this charge<eos>
63,gemma_12b,base_12b,False,direct,mildly_frustrated,intermediate,vague,certain_fraud,minimal,hold,False,False,1.5838,165.21,0.1202,0.1611,0.3385,0.4928,0.2891,True,1.0,0,8,8,3.248,True,,False,0.0,0.7,0.999,lock it first. dont want anyone using it,lock it first. dont want anyone using it<eos>
64,gemma_12b,base_12b,False,direct,mildly_frustrated,intermediate,vague,certain_fraud,minimal,hold,False,False,1.9184,119.03,0.0356,0.2389,0.3742,0.1036,0.1168,False,0.6666666666666666,-1,2,3,3.901,False,,False,0.33333333333333337,0.7,0.6466,the freedom,the freedom one<eos>
65,gemma_12b,base_12b,False,direct,mildly_frustrated,intermediate,vague,certain_fraud,minimal,hold,False,False,2.0817,295.42,0.1225,0.2294,0.1675,0.4222,0.2755,False,0.8,-1,4,5,4.757,False,,False,0.19999999999999996,0.7,0.8099,yes thats the whole,yes thats the whole point<eos>
66,gemma_12b,base_12b,False,direct,mildly_frustrated,intermediate,vague,certain_fraud,minimal,hold,False,False,2.8863,67.22,0.0402,0.0957,0.1003,0.2053,0.2468,True,1.0,0,23,23,4.552,True,,False,0.0,0.625,1.0,"hang on let me pull up my statement. ok theres something from ""techzone online"" for $212. i did not buy anything from them","hang on let me pull up my statement. ok theres something from ""TechZone Online"" for $212. i did not buy anything from them<eos>"
67,gemma_12b,base_12b,False,direct,mildly_frustrated,intermediate,vague,certain_fraud,minimal,hold,False,False,2.3065,210.23,0.0344,0.1617,0.1454,0.1267,0.4341,True,1.0,0,8,8,5.494,True,,False,0.0,0.7,0.999,yes thats what im saying. 100% wasnt me,yes thats what im saying. 100% wasnt me<eos>
68,gemma_12b,base_12b,False,direct,mildly_frustrated,intermediate,vague,certain_fraud,minimal,hold,False,False,2.7285,272.44,0.0304,0.2423,0.4284,0.1243,0.3232,False,0.9411764705882353,-1,16,17,3.664,False,,False,0.05882352941176472,0.7,0.9466,"ugh i dont have it right in front of me. its recent though, like this week","ugh i dont have it right in front of me. its recent though, like this week sometime<eos>"
69,gemma_12b,base_12b,False,direct,mildly_frustrated,intermediate,vague,certain_fraud,minimal,hold,False,False,2.1219,206.33,0.0433,0.2273,0.3235,0.2661,0.1422,True,1.0,0,4,4,3.432,True,,False,0.0,0.7,0.9922,yes thats the one,yes thats the one<eos>
70,gemma_12b,base_12b,False,direct,mildly_frustrated,intermediate,vague,certain_fraud,minimal,hold,False,False,2.4293,241.05,0.076,0.2205,0.1749,0.3434,0.3253,False,0.8,-1,4,5,5.063,False,,False,0.19999999999999996,0.7,0.8099,how long does this,how long does this take<eos>
71,gemma_12b,base_12b,False,direct,mildly_frustrated,intermediate,vague,certain_fraud,minimal,hold,True,False,3.6393,55.43,0.1269,1.0,1.0,1.0,1.0,True,0.0,-1,0,1,5.704,True,True,,1.0,1.0,1.0,,<eos>
72,gemma_12b,base_12b,False,direct,mildly_frustrated,intermediate,vague,certain_fraud,full,refund_and_card,False,True,1.9323,256.43,0.1096,0.1771,0.2051,0.4631,0.3381,True,1.0,0,13,13,4.923,True,,False,0.0,1.0,0.9998,hi look i already called about a fraudulent charge and nothing has happened,hi look i already called about a fraudulent charge and nothing has happened<eos>
73,gemma_12b,base_12b,False,direct,mildly_frustrated,intermediate,vague,certain_fraud,full,refund_and_card,False,False,3.4435,145.62,0.0596,0.0219,0.2758,0.316,0.1598,True,1.0,0,15,15,2.883,True,,False,0.0,0.7,0.9999,it's a $215 charge from uber eats on august 10th. i did not make this,it's a $215 charge from uber eats on august 10th. i did not make this<eos>
74,gemma_12b,base_12b,False,direct,mildly_frustrated,intermediate,vague,certain_fraud,full,refund_and_card,False,False,2.498,71.27,0.0852,0.2344,0.2958,0.1522,0.1539,True,1.0,0,3,3,3.951,True,,False,0.0,0.7,0.9815,the sapphire one,the sapphire one<eos>
75,gemma_12b,base_12b,False,direct,mildly_frustrated,intermediate,vague,certain_fraud,full,refund_and_card,False,False,2.9847,56.05,0.0596,0.2964,0.2548,0.3465,0.4961,False,0.9473684210526315,-1,18,19,2.583,False,,False,0.052631578947368474,1.0,0.9523,yes but i already did this over the phone?? i was told to wait and never heard anything,yes but i already did this over the phone?? i was told to wait and never heard anything back<eos>
76,gemma_12b,base_12b,False,direct,mildly_frustrated,intermediate,vague,certain_fraud,full,refund_and_card,False,False,3.2345,77.82,0.0785,0.0166,0.1713,0.1836,0.3152,True,1.0,0,8,8,4.093,True,,False,0.0,0.7,0.999,ugh fine yes please just sort it out,ugh fine yes please just sort it out<eos>
77,gemma_12b,base_12b,False,direct,mildly_frustrated,intermediate,vague,certain_fraud,full,refund_and_card,False,False,3.1369,52.08,0.0705,0.0887,0.4025,0.4408,0.364,False,0.9230769230769231,-1,12,13,2.076,False,,False,0.07692307692307687,0.7,0.93,ok and i want my card cancelled too. i don't trust it,ok and i want my card cancelled too. i don't trust it anymore<eos>
78,gemma_12b,base_12b,False,direct,mildly_frustrated,intermediate,vague,certain_fraud,full,refund_and_card,False,False,1.5537,111.85,0.0888,0.1067,0.2214,0.2574,0.1628,True,1.0,0,2,2,3.408,True,,False,0.0,0.7,0.9375,yes please,yes please<eos>
79,gemma_12b,base_12b,False,direct,mildly_frustrated,intermediate,vague,certain_fraud,full,refund_and_card,True,False,3.7429,214.23,0.0314,1.0,1.0,1.0,1.0,True,0.0,-1,0,1,2.91,True,True,,1.0,1.0,1.0,,<eos>
80,gemma_12b,base_12b,False,direct,mildly_frustrated,intermediate,vague,uncertain,full,investigation,False,True,1.8381,298.92,0.1469,0.0521,0.2111,0.4732,0.4668,True,1.0,0,16,16,4.229,True,,False,0.0,0.7,0.9999,hi there's a charge on my account i dont recognize. $54.99 from adobe on aug 14th,hi there's a charge on my account i dont recognize. $54.99 from Adobe on aug 14th<eos>
81,gemma_12b,base_12b,False,direct,mildly_frustrated,intermediate,vague,uncertain,full,investigation,False,False,1.7669,96.19,0.1191,0.1875,0.1808,0.2067,0.3268,True,1.0,0,19,19,2.929,True,,False,0.0,1.0,0.9999,honestly not sure. could be something my kid set up idk. i just want someone to look into it,honestly not sure. could be something my kid set up idk. i just want someone to look into it<eos>
82,gemma_12b,base_12b,False,direct,mildly_frustrated,intermediate,vague,uncertain,full,investigation,False,False,3.4113,53.75,0.0551,0.1298,0.3652,0.3969,0.4953,True,1.0,0,7,7,2.265,True,,False,0.0,1.0,0.9985,yeah just look into it for now,yeah just look into it for now<eos>
83,gemma_12b,base_12b,False,direct,mildly_frustrated,intermediate,vague,uncertain,full,investigation,False,False,2.9845,181.31,0.1339,0.2382,0.3895,0.3083,0.2806,True,1.0,0,4,4,2.17,True,,False,0.0,0.7,0.9922,the sapphire i think,the sapphire i think<eos>
84,gemma_12b,base_12b,False,direct,mildly_frustrated,intermediate,vague,uncertain,full,investigation,False,False,3.0328,63.64,0.0872,0.0512,0.3529,0.432,0.2807,True,1.0,0,4,4,2.453,True,,False,0.0,0.7,0.9922,yeah thats the one,yeah thats the one<eos>
85,gemma_12b,base_12b,False,direct,mildly_frustrated,intermediate,vague,uncertain,full,investigation,False,False,3.4912,229.59,0.0361,0.0431,0.2833,0.2798,0.2452,True,1.0,0,17,17,3.536,True,,False,0.0,0.7,0.9999,i have photoshop but that comes out the 3rd every month. this is a different date so,i have photoshop but that comes out the 3rd every month. this is a different date so<eos>
86,gemma_12b,base_12b,False,direct,mildly_frustrated,intermediate,vague,uncertain,full,investigation,False,False,2.2738,242.16,0.078,0.1917,0.171,0.147,0.1526,True,1.0,0,17,17,4.49,True,,False,0.0,0.7,0.9999,just flag it for now. i wanna check with my kid first before i do anything official,just flag it for now. i wanna check with my kid first before i do anything official<eos>
87,gemma_12b,base_12b,False,direct,mildly_frustrated,intermediate,vague,uncertain,full,investigation,False,False,3.0494,189.39,0.1273,0.0242,0.1129,0.1593,0.3613,True,1.0,0,16,16,5.415,True,,False,0.0,0.7,0.9999,ok and if it does turn out to be dodgy how do i take it further,ok and if it does turn out to be dodgy how do i take it further<eos>
88,gemma_12b,base_12b,False,direct,mildly_frustrated,intermediate,vague,uncertain,full,investigation,False,False,2.9474,282.87,0.0321,0.0968,0.1237,0.2474,0.2516,True,1.0,0,9,9,3.709,True,,False,0.0,0.7,0.9993,alright cool. and how long does that usually take,alright cool. and how long does that usually take<eos>
89,gemma_12b,base_12b,False,direct,mildly_frustrated,intermediate,vague,uncertain,full,investigation,True,False,2.7092,222.16,0.1414,1.0,1.0,1.0,1.0,True,0.0,-1,0,1,4.102,True,True,,1.0,1.0,1.0,,<eos>
90,gemma_12b,base_12b,False,terse,mildly_frustrated,intermediate,clear,uncertain,partial,investigation,False,True,3.0637,79.48,0.1302,0.2419,0.2168,0.4996,0.2656,True,1.0,0,10,10,4.242,True,,False,0.0,0.7,0.9995,hey there's a charge on my account i don't recognize,hey there's a charge on my account i don't recognize<eos>
91,gemma_12b,base_12b,False,terse,mildly_frustrated,intermediate,clear,uncertain,partial,investigation,False,False,1.9391,132.63,0.0639,0.205,0.326,0.4665,0.4189,False,0.8571428571428571,-1,6,7,3.926,False,,False,0.1428571428571429,1.0,0.8676,just want someone to look into,just want someone to look into it<eos>
92,gemma_12b,base_12b,False,terse,mildly_frustrated,intermediate,clear,uncertain,partial,investigation,False,False,3.4988,272.01,0.066,0.2912,0.4443,0.2122,0.1125,True,1.0,0,8,8,4.506,True,,False,0.0,0.7,0.999,"i have two cards, not sure which one","i have two cards, not sure which one<eos>"
93,gemma_12b,base_12b,False,terse,mildly_frustrated,intermediate,clear,uncertain,partial,investigation,False,False,2.0403,125.58,0.0346,0.2376,0.2553,0.4111,0.4653,True,1.0,0,4,4,2.1,True,,False,0.0,0.7,0.9922,probably the freedom one,probably the freedom one<eos>
94,gemma_12b,base_12b,False,terse,mildly_frustrated,intermediate,clear,uncertain,partial,investigation,False,False,2.6484,228.42,0.0879,0.0112,0.308,0.4729,0.3748,True,1.0,0,8,8,2.348,True,,False,0.0,0.7,0.999,yeah that streamify one. what even is that,yeah that streamify one. what even is that<eos>
95,gemma_12b,base_12b,False,terse,mildly_frustrated,intermediate,clear,uncertain,partial,investigation,False,False,1.8733,118.41,0.022,0.1907,0.2226,0.3056,0.1826,False,0.8,-1,4,5,3.274,False,,False,0.19999999999999996,0.7,0.8099,ugh maybe. not sure,ugh maybe. not sure honestly<eos>
96,gemma_12b,base_12b,False,terse,mildly_frustrated,intermediate,clear,uncertain,partial,investigation,False,False,2.5662,94.75,0.0975,0.1819,0.3157,0.4345,0.3797,True,1.0,0,5,5,3.25,True,,False,0.0,0.7,0.996,yes thats what i want,yes thats what i want<eos>
97,gemma_12b,base_12b,False,terse,mildly_frustrated,intermediate,clear,uncertain,partial,investigation,False,False,3.2755,166.35,0.0501,0.0749,0.4195,0.4444,0.3468,True,1.0,0,1,1,3.568,True,,False,0.0,0.7,0.5,yes,yes<eos>
98,gemma_12b,base_12b,False,terse,mildly_frustrated,intermediate,clear,uncertain,partial,investigation,True,False,1.7573,254.39,0.1236,1.0,1.0,1.0,1.0,True,0.0,-1,0,1,3.603,True,True,,1.0,1.0,1.0,,<eos>
99,gemma_12b,base_12b,False,direct,calm,expert,clear,certain_fraud,full,refund_and_card,False,True,1.6947,282.72,0.0946,0.1511,0.2943,0.3369,0.2852,True,1.0,0,12,12,5.288,True,,False,0.0,1.0,0.9997,hey there's a fraudulent charge on my account i need to dispute,hey there's a fraudulent charge on my account i need to dispute<eos>
100,gemma_12b,base_12b,False,direct,calm,expert,clear,certain_fraud,full,refund_and_card,False,False,1.8668,87.3,0.0891,0.1231,0.3385,0.3312,0.1783,False,0.875,-1,7,8,3.266,False,,False,0.125,1.0,0.8848,"apple store, $1,249.00, august 19th. definitely wasn't","apple store, $1,249.00, august 19th. definitely wasn't me<eos>"
101,gemma_12b,base_12b,False,direct,calm,expert,clear,certain_fraud,full,refund_and_card,False,False,2.4231,187.22,0.0269,0.214,0.4014,0.4283,0.2437,True,1.0,0,2,2,5.463,True,,False,0.0,1.0,0.9375,"sapphire, 5678","sapphire, 5678<eos>"
102,gemma_12b,base_12b,False,direct,calm,expert,clear,certain_fraud,full,refund_and_card,False,False,3.1752,83.57,0.0293,0.0146,0.2529,0.3885,0.2947,True,1.0,0,11,11,5.961,True,,False,0.0,1.0,0.9996,dispute it and cancel the card. want a replacement sent too,dispute it and cancel the card. want a replacement sent too<eos>
103,gemma_12b,base_12b,False,direct,calm,expert,clear,certain_fraud,full,refund_and_card,False,False,2.9448,261.7,0.0508,0.1555,0.2284,0.2643,0.3185,True,1.0,0,9,9,5.913,True,,False,0.0,1.0,0.9993,"yes, card's been in my wallet. didn't authorize it","yes, card's been in my wallet. didn't authorize it<eos>"
104,gemma_12b,base_12b,False,direct,calm,expert,clear,certain_fraud,full,refund_and_card,False,False,1.7211,168.11,0.1164,0.2885,0.3793,0.1312,0.3535,True,1.0,0,1,1,3.25,True,,False,0.0,1.0,0.5,correct,correct<eos>
105,gemma_12b,base_12b,False,direct,calm,expert,clear,certain_fraud,full,refund_and_card,True,False,3.3736,231.74,0.0933,1.0,1.0,1.0,1.0,True,0.0,-1,0,1,5.961,True,True,,1.0,1.0,1.0,,<eos>
106,gemma_12b,base_12b,False,direct,mildly_frustrated,expert,clear,certain_fraud,full,refund_and_card,False,True,1.8778,161.66,0.125,0.0858,0.3798,0.3803,0.294,True,1.0,0,16,16,5.448,True,,False,0.0,0.7,0.9999,"yeah hi, there's a fraudulent charge on my card i need disputed and the card cancelled","yeah hi, there's a fraudulent charge on my card i need disputed and the card cancelled<eos>"
107,gemma_12b,base_12b,False,direct,mildly_frustrated,expert,clear,certain_fraud,full,refund_and_card,False,False,2.3627,210.57,0.1182,0.0436,0.2055,0.167,0.2595,True,1.0,0,1,1,4.985,True,,False,0.0,0.7,0.5,freedom,freedom<eos>
108,gemma_12b,base_12b,False,direct,mildly_frustrated,expert,clear,certain_fraud,full,refund_and_card,False,False,3.7943,209.36,0.1443,0.1352,0.2172,0.4672,0.4433,True,1.0,0,11,11,3.068,True,,False,0.0,0.7,0.9996,"the amazon one aug 20, $127.43. did not make that charge","the amazon one aug 20, $127.43. did not make that charge<eos>"
109,gemma_12b,base_12b,False,direct,mildly_frustrated,expert,clear,certain_fraud,full,refund_and_card,False,False,1.5299,74.42,0.0335,0.1393,0.1676,0.1878,0.2133,True,1.0,0,10,10,2.095,True,,False,0.0,0.7,0.9995,"yes, that's what i said. i did not authorize it","yes, that's what i said. i did not authorize it<eos>"
110,gemma_12b,base_12b,False,direct,mildly_frustrated,expert,clear,certain_fraud,full,refund_and_card,False,False,3.2391,113.33,0.0807,0.2815,0.1967,0.3555,0.4691,True,1.0,0,19,19,3.708,True,,False,0.0,1.0,0.9999,"look, i just want the dispute filed, provisional credit issued, and the card cancelled. can we just do that","look, i just want the dispute filed, provisional credit issued, and the card cancelled. can we just do that<eos>"
111,gemma_12b,base_12b,False,direct,mildly_frustrated,expert,clear,certain_fraud,full,refund_and_card,False,False,3.8215,202.58,0.0432,0.1527,0.1764,0.1575,0.4075,True,1.0,0,2,2,4.573,True,,False,0.0,0.7,0.9375,yes correct,yes correct<eos>
112,gemma_12b,base_12b,False,direct,mildly_frustrated,expert,clear,certain_fraud,full,refund_and_card,False,False,3.2501,276.15,0.0947,0.1595,0.2526,0.476,0.2963,True,1.0,0,2,2,5.376,True,,False,0.0,0.7,0.9375,yes please,yes please<eos>
113,gemma_12b,base_12b,False,direct,mildly_frustrated,expert,clear,certain_fraud,full,refund_and_card,True,False,3.8971,72.67,0.0895,1.0,1.0,1.0,1.0,True,0.0,-1,0,1,4.591,True,True,,1.0,1.0,1.0,,<eos>
114,gemma_12b,base_12b,False,direct,mildly_frustrated,expert,clear,certain_fraud,full,refund_and_card,False,True,2.9824,172.31,0.0282,0.1668,0.392,0.2231,0.3136,True,1.0,0,16,16,3.797,True,,False,0.0,1.0,0.9999,look i already called about a fraudulent charge and nothing's been done. i need this escalated,look I already called about a fraudulent charge and nothing's been done. I need this escalated<eos>
115,gemma_12b,base_12b,False,direct,mildly_frustrated,expert,clear,certain_fraud,full,refund_and_card,False,False,1.5922,85.4,0.105,0.1467,0.3455,0.4672,0.1183,True,1.0,0,17,17,2.522,True,,False,0.0,0.7,0.9999,i have two cards with you. the sapphire and the freedom. the charge is on the sapphire,I have two cards with you. the sapphire and the freedom. the charge is on the sapphire<eos>
116,gemma_12b,base_12b,False,direct,mildly_frustrated,expert,clear,certain_fraud,full,refund_and_card,False,False,3.5288,295.55,0.1082,0.104,0.1481,0.4903,0.3304,True,1.0,0,15,15,5.346,True,,False,0.0,0.7,0.9999,yes. $215. did not make that charge. want a chargeback opened and the card cancelled,yes. $215. did not make that charge. want a chargeback opened and the card cancelled<eos>
117,gemma_12b,base_12b,False,direct,mildly_frustrated,expert,clear,certain_fraud,full,refund_and_card,False,False,3.6184,203.11,0.1211,0.0145,0.1628,0.2948,0.1025,True,1.0,0,9,9,2.357,True,,False,0.0,1.0,0.9993,yes obviously. i already told the last rep that,yes obviously. I already told the last rep that<eos>
118,gemma_12b,base_12b,False,direct,mildly_frustrated,expert,clear,certain_fraud,full,refund_and_card,False,False,1.95,174.97,0.1435,0.1919,0.1016,0.413,0.2391,True,1.0,0,13,13,2.943,True,,False,0.0,0.7,0.9998,ok and the card? i need it cancelled and a new one sent,ok and the card? I need it cancelled and a new one sent<eos>
119,gemma_12b,base_12b,False,direct,mildly_frustrated,expert,clear,certain_fraud,full,refund_and_card,False,False,2.686,94.08,0.1071,0.0225,0.2521,0.3579,0.214,True,1.0,0,3,3,3.337,True,,False,0.0,0.7,0.9815,yes same address,yes same address<eos>
120,gemma_12b,base_12b,False,direct,mildly_frustrated,expert,clear,certain_fraud,full,refund_and_card,False,False,3.1921,131.42,0.1213,0.1046,0.4045,0.1392,0.3951,False,0.9230769230769231,-1,12,13,3.502,False,,False,0.07692307692307687,0.7,0.93,just make sure someone actually follows up this time. last call went,just make sure someone actually follows up this time. last call went nowhere<eos>
121,gemma_12b,base_12b,False,direct,mildly_frustrated,expert,clear,certain_fraud,full,refund_and_card,True,False,1.818,223.05,0.0278,1.0,1.0,1.0,1.0,True,0.0,-1,0,1,3.374,True,True,,1.0,1.0,1.0,,<eos>
122,gemma_12b,base_12b,False,direct,mildly_frustrated,expert,clear,uncertain,full,investigation,False,True,3.325,234.04,0.0521,0.1049,0.3071,0.3318,0.4567,False,0.9090909090909091,-1,10,11,2.596,False,,False,0.09090909090909094,0.7,0.917,"hey i need to dispute a charge, pretty sure it's","hey i need to dispute a charge, pretty sure it's unauthorized<eos>"
123,gemma_12b,base_12b,False,direct,mildly_frustrated,expert,clear,uncertain,full,investigation,False,False,2.8962,53.11,0.1151,0.2855,0.3267,0.1531,0.2183,True,1.0,0,1,1,2.363,True,,False,0.0,0.7,0.5,sapphire,sapphire<eos>
124,gemma_12b,base_12b,False,direct,mildly_frustrated,expert,clear,uncertain,full,investigation,False,False,3.651,67.67,0.1361,0.1065,0.1944,0.1131,0.2704,True,1.0,0,21,21,5.784,True,,False,0.0,0.975,0.9999,look i'm not 100% sure — could be a subscription i forgot about. i just want someone to actually investigate it,look i'm not 100% sure — could be a subscription i forgot about. i just want someone to actually investigate it<eos>
125,gemma_12b,base_12b,False,direct,mildly_frustrated,expert,clear,uncertain,full,investigation,False,False,2.4139,93.82,0.0926,0.0294,0.4434,0.3837,0.1819,True,1.0,0,2,2,2.955,True,,False,0.0,0.7,0.9375,august 14th,august 14th<eos>
126,gemma_12b,base_12b,False,direct,mildly_frustrated,expert,clear,uncertain,full,investigation,False,False,2.3631,171.56,0.0885,0.0456,0.2865,0.3839,0.3713,True,1.0,0,3,3,3.169,True,,False,0.0,0.7,0.9815,adobe. it's $54.99,Adobe. it's $54.99<eos>
127,gemma_12b,base_12b,False,direct,mildly_frustrated,expert,clear,uncertain,full,investigation,False,False,2.7408,268.75,0.0877,0.1919,0.2895,0.2173,0.4878,True,1.0,0,12,12,2.528,True,,False,0.0,0.7,0.9997,"yes exactly. just open the investigation, i don't need a refund yet","yes exactly. just open the investigation, i don't need a refund yet<eos>"
128,gemma_12b,base_12b,False,direct,mildly_frustrated,expert,clear,uncertain,full,investigation,False,False,3.2422,260.48,0.0779,0.0982,0.1601,0.1528,0.4157,True,1.0,0,19,19,3.04,True,,False,0.0,0.7,0.9999,"ok good. and if it does turn out to be unauthorized, provisional credit kicks in while you investigate right?","ok good. and if it does turn out to be unauthorized, provisional credit kicks in while you investigate right?<eos>"
129,gemma_12b,base_12b,False,direct,mildly_frustrated,expert,clear,uncertain,full,investigation,True,False,3.1659,88.37,0.0509,1.0,1.0,1.0,1.0,True,0.0,-1,0,1,2.738,True,True,,1.0,1.0,1.0,,<eos>
130,gemma_12b,base_12b,False,direct,escalating,expert,clear,certain_fraud,full,refund_and_card,False,True,1.5107,234.62,0.1468,0.1061,0.2014,0.3822,0.2896,False,0.9583333333333334,-1,23,24,5.776,False,,False,0.04166666666666663,0.85,0.9623,"there's a $1,249 charge from apple store on august 19th that i 100% did not make. need this disputed and my card replaced","there's a $1,249 charge from Apple Store on August 19th that I 100% did not make. need this disputed and my card replaced today<eos>"
131,gemma_12b,base_12b,False,direct,escalating,expert,clear,certain_fraud,full,refund_and_card,False,False,2.6149,73.12,0.0272,0.196,0.4275,0.3334,0.1889,True,1.0,0,13,13,3.112,True,,False,0.0,1.0,0.9998,"dispute first, then replace. and i want provisional credit while the investigation runs","dispute first, then replace. and i want provisional credit while the investigation runs<eos>"
132,gemma_12b,base_12b,False,direct,escalating,expert,clear,certain_fraud,full,refund_and_card,False,False,3.6345,142.41,0.0685,0.0925,0.406,0.2405,0.491,True,1.0,0,2,2,2.35,True,,False,0.0,1.0,0.9375,"sapphire, 9212","sapphire, 9212<eos>"
133,gemma_12b,base_12b,False,direct,escalating,expert,clear,certain_fraud,full,refund_and_card,False,False,3.6688,296.66,0.0286,0.2884,0.2433,0.4024,0.1354,True,1.0,0,9,9,5.658,True,,False,0.0,1.0,0.9993,yes that's correct. i did not authorize that charge,yes that's correct. i did not authorize that charge<eos>
134,gemma_12b,base_12b,False,direct,escalating,expert,clear,certain_fraud,full,refund_and_card,False,False,1.5671,50.61,0.0541,0.2872,0.3288,0.4337,0.289,True,1.0,0,7,7,5.571,True,,False,0.0,1.0,0.9985,how long does the full investigation take,how long does the full investigation take<eos>
135,gemma_12b,base_12b,False,direct,escalating,expert,clear,certain_fraud,full,refund_and_card,False,False,1.799,178.13,0.0948,0.2551,0.2119,0.1651,0.1234,True,1.0,0,19,19,5.513,True,,False,0.0,1.0,0.9999,45 days is not acceptable. if this isn't resolved fast i'm filing a cfpb complaint and closing my accounts,45 days is not acceptable. if this isn't resolved fast i'm filing a CFPB complaint and closing my accounts<eos>
136,gemma_12b,base_12b,False,direct,escalating,expert,clear,certain_fraud,full,refund_and_card,False,False,3.3816,185.93,0.1334,0.2498,0.3399,0.374,0.2204,True,1.0,0,8,8,4.753,True,,False,0.0,1.0,0.999,yes cancel it and send a new one,yes cancel it and send a new one<eos>
137,gemma_12b,base_12b,False,direct,escalating,expert,clear,certain_fraud,full,refund_and_card,False,False,3.0336,257.85,0.0883,0.1643,0.1399,0.3204,0.4025,True,1.0,0,3,3,3.842,True,,False,0.0,1.0,0.9815,yes expedite it,yes expedite it<eos>
138,gemma_12b,base_12b,False,direct,escalating,expert,clear,certain_fraud,full,refund_and_card,True,False,3.5364,105.59,0.1314,1.0,1.0,1.0,1.0,True,0.0,-1,0,1,2.314,True,True,,1.0,1.0,1.0,,<eos>
0,gemma_12b,lora_12b,True,direct,mildly_frustrated,novice,clear,uncertain,partial,investigation,False,True,0.7198,2.54,0.0223,0.629,0.7752,0.8395,0.7679,True,1.0,0,10,10,1.654,True,,False,0.0,0.7,0.9995,hey there's a charge on my account i don't recognize,hey there's a charge on my account I don't recognize<eos>
1,gemma_12b,lora_12b,True,direct,mildly_frustrated,novice,clear,uncertain,partial,investigation,False,False,0.7172,2.96,0.0039,0.9424,0.9521,0.9143,0.8506,True,1.0,0,9,9,3.501,True,,False,0.0,0.7,0.9993,"um i'm not sure which card, i have two","um i'm not sure which card, I have two<eos>"
2,gemma_12b,lora_12b,True,direct,mildly_frustrated,novice,clear,uncertain,partial,investigation,False,False,0.6839,2.11,0.0455,0.9479,0.8113,0.7201,0.8164,True,1.0,0,4,4,2.315,True,,False,0.0,0.7,0.9922,probably the 3847 one,probably the 3847 one<eos>
3,gemma_12b,lora_12b,True,direct,mildly_frustrated,novice,clear,uncertain,partial,investigation,False,False,0.1707,2.22,0.0268,0.6685,0.836,0.8233,0.8149,True,1.0,0,11,11,3.022,True,,False,0.0,0.7,0.9996,"yeah that first one, aug 12. idk what that even is","yeah that first one, aug 12. idk what that even is<eos>"
4,gemma_12b,lora_12b,True,direct,mildly_frustrated,novice,clear,uncertain,partial,investigation,False,False,0.3121,2.19,0.0246,0.8411,0.7376,0.7295,0.9607,True,1.0,0,18,18,3.936,True,,False,0.0,1.0,0.9999,not really but like... it could be my husband? idk. i just want someone to look into it,not really but like... it could be my husband? idk. I just want someone to look into it<eos>
5,gemma_12b,lora_12b,True,direct,mildly_frustrated,novice,clear,uncertain,partial,investigation,False,False,0.3178,3.08,0.0068,0.9171,0.754,0.9638,0.7087,True,1.0,0,3,3,3.582,True,,False,0.0,0.7,0.9815,yes exactly that,yes exactly that<eos>
6,gemma_12b,lora_12b,True,direct,mildly_frustrated,novice,clear,uncertain,partial,investigation,False,False,0.5108,2.46,0.0082,0.9383,0.7798,0.9247,0.9067,True,1.0,0,11,11,2.466,True,,False,0.0,0.7,0.9996,ok good. do i need to do anything in the meantime,ok good. do I need to do anything in the meantime<eos>
7,gemma_12b,lora_12b,True,direct,mildly_frustrated,novice,clear,uncertain,partial,investigation,False,False,0.1059,2.08,0.0403,0.6497,0.8187,0.9901,0.8928,True,1.0,0,16,16,2.441,True,,False,0.0,1.0,0.9999,no its fine i think it might be legit. just want to know what it is,no its fine I think it might be legit. just want to know what it is<eos>
8,gemma_12b,lora_12b,True,direct,mildly_frustrated,novice,clear,uncertain,partial,investigation,True,False,0.3089,1.52,0.0032,1.0,1.0,1.0,1.0,True,0.0,-1,0,1,3.278,True,True,,1.0,1.0,1.0,,<eos>
9,gemma_12b,lora_12b,True,direct,mildly_frustrated,novice,clear,certain_fraud,minimal,hold,False,True,0.393,2.61,0.0018,0.847,0.9034,0.8716,0.757,True,1.0,0,19,19,2.056,True,,False,0.0,0.7,0.9999,hey there's a charge on my account that i definitely didn't make. i want my card frozen right now,hey there's a charge on my account that i definitely didn't make. i want my card frozen right now<eos>
10,gemma_12b,lora_12b,True,direct,mildly_frustrated,novice,clear,certain_fraud,minimal,hold,False,False,0.2281,3.75,0.0168,0.5438,0.786,0.8066,0.9233,True,1.0,0,3,3,3.47,True,,False,0.0,0.7,0.9815,the freedom one,the freedom one<eos>
11,gemma_12b,lora_12b,True,direct,mildly_frustrated,novice,clear,certain_fraud,minimal,hold,False,False,0.698,1.64,0.01,0.7005,0.8281,0.8708,0.972,True,1.0,0,12,12,2.291,True,,False,0.0,1.0,0.9997,"there's a weird charge on it that wasnt me, already said that","there's a weird charge on it that wasnt me, already said that<eos>"
12,gemma_12b,lora_12b,True,direct,mildly_frustrated,novice,clear,certain_fraud,minimal,hold,False,False,0.5301,3.57,0.0202,0.973,0.7558,0.815,0.7113,True,1.0,0,5,5,2.433,True,,False,0.0,0.7,0.996,yes that's the whole point,yes that's the whole point<eos>
13,gemma_12b,lora_12b,True,direct,mildly_frustrated,novice,clear,certain_fraud,minimal,hold,False,False,0.3087,2.23,0.0364,0.7922,0.9787,0.8014,0.9664,True,1.0,0,8,8,2.357,True,,False,0.0,0.7,0.999,yeah that travel one. definitely didn't do that,yeah that travel one. definitely didn't do that<eos>
14,gemma_12b,lora_12b,True,direct,mildly_frustrated,novice,clear,certain_fraud,minimal,hold,False,False,0.7136,2.1,0.0267,0.5238,0.883,0.9984,0.8986,True,1.0,0,6,6,1.549,True,,False,0.0,0.7,0.9977,never heard of them. not mine,never heard of them. not mine<eos>
15,gemma_12b,lora_12b,True,direct,mildly_frustrated,novice,clear,certain_fraud,minimal,hold,False,False,0.6815,1.51,0.0359,0.5577,0.7556,0.7342,0.7319,True,1.0,0,7,7,1.999,True,,False,0.0,0.7,0.9985,yes please. how long does that take,yes please. how long does that take<eos>
16,gemma_12b,lora_12b,True,direct,mildly_frustrated,novice,clear,certain_fraud,minimal,hold,False,False,0.5683,1.68,0.0045,0.7507,0.7716,0.9171,0.7304,True,1.0,0,3,3,2.078,True,,False,0.0,0.7,0.9815,yeah that's fine,yeah that's fine<eos>
17,gemma_12b,lora_12b,True,direct,mildly_frustrated,novice,clear,certain_fraud,minimal,hold,True,False,0.6964,3.69,0.0085,1.0,1.0,1.0,1.0,True,0.0,-1,0,1,1.732,True,True,,1.0,1.0,1.0,,<eos>
18,gemma_12b,lora_12b,True,terse,calm,intermediate,clear,uncertain,partial,investigation,False,True,0.3912,3.4,0.0401,0.8324,0.8004,0.7544,0.8139,False,0.9,-1,9,10,1.572,False,,False,0.09999999999999998,1.0,0.9085,hey there's a charge i don't recognize on my,hey there's a charge i don't recognize on my account<eos>
19,gemma_12b,lora_12b,True,terse,calm,intermediate,clear,uncertain,partial,investigation,False,False,0.4955,4.91,0.0335,0.6658,0.7267,0.8569,0.9102,True,1.0,0,3,3,3.154,True,,False,0.0,1.0,0.9815,the freedom one,the freedom one<eos>
20,gemma_12b,lora_12b,True,terse,calm,intermediate,clear,uncertain,partial,investigation,False,False,0.4442,2.04,0.0485,0.5247,0.8129,0.7668,0.893,True,1.0,0,6,6,2.087,True,,False,0.0,1.0,0.9977,august 12th i think. around $34.99,august 12th i think. around $34.99<eos>
21,gemma_12b,lora_12b,True,terse,calm,intermediate,clear,uncertain,partial,investigation,False,False,0.5333,2.29,0.0254,0.6014,0.8017,0.9014,0.9851,True,1.0,0,10,10,1.636,True,,False,0.0,1.0,0.9995,yeah that clarity wellness one. no idea what that is,yeah that clarity wellness one. no idea what that is<eos>
22,gemma_12b,lora_12b,True,terse,calm,intermediate,clear,uncertain,partial,investigation,False,False,0.4654,3.84,0.0023,0.5804,0.902,0.7421,0.9151,True,1.0,0,11,11,1.767,True,,False,0.0,0.5,0.9996,maybe idk. could be. still want someone to look into it,maybe idk. could be. still want someone to look into it<eos>
23,gemma_12b,lora_12b,True,terse,calm,intermediate,clear,uncertain,partial,investigation,False,False,0.4154,3.67,0.0478,0.566,0.7136,0.8496,0.8591,True,1.0,0,2,2,3.838,True,,False,0.0,1.0,0.9375,yes please,yes please<eos>
24,gemma_12b,lora_12b,True,terse,calm,intermediate,clear,uncertain,partial,investigation,False,False,0.6337,2.17,0.0482,0.9755,0.8156,0.8359,0.74,False,0.875,-1,7,8,3.25,False,,False,0.125,1.0,0.8848,ok cool. do i need to do,ok cool. do i need to do anything<eos>
25,gemma_12b,lora_12b,True,terse,calm,intermediate,clear,uncertain,partial,investigation,True,False,0.5551,4.84,0.0252,1.0,1.0,1.0,1.0,True,0.0,-1,0,1,2.701,True,True,,1.0,1.0,1.0,,<eos>
26,gemma_12b,lora_12b,True,terse,calm,intermediate,clear,certain_fraud,full,refund_and_card,False,True,0.2127,2.22,0.0125,0.9113,0.911,0.9072,0.7885,True,1.0,0,15,15,1.581,True,,False,0.0,0.9,0.9999,hey i called last week about a fraud charge and nobody got back to me,hey i called last week about a fraud charge and nobody got back to me<eos>
27,gemma_12b,lora_12b,True,terse,calm,intermediate,clear,certain_fraud,full,refund_and_card,False,False,0.7697,4.91,0.0156,0.7705,0.8738,0.7039,0.7754,True,1.0,0,10,10,3.452,True,,False,0.0,1.0,0.9995,uber eats $215 on august 10th. i never ordered that,uber eats $215 on august 10th. i never ordered that<eos>
28,gemma_12b,lora_12b,True,terse,calm,intermediate,clear,certain_fraud,full,refund_and_card,False,False,0.2217,3.1,0.0189,0.71,0.8635,0.867,0.739,True,1.0,0,3,3,2.138,True,,False,0.0,1.0,0.9815,the 1234 one,the 1234 one<eos>
29,gemma_12b,lora_12b,True,terse,calm,intermediate,clear,certain_fraud,full,refund_and_card,False,False,0.254,1.82,0.0034,0.7475,0.7257,0.8248,0.8611,True,1.0,0,12,12,2.053,True,,False,0.0,1.0,0.9997,yes. i want my money back and i want that card cancelled,yes. i want my money back and i want that card cancelled<eos>
30,gemma_12b,lora_12b,True,terse,calm,intermediate,clear,certain_fraud,full,refund_and_card,False,False,0.5348,4.84,0.0341,0.6573,0.808,0.9748,0.9835,True,1.0,0,4,4,2.851,True,,False,0.0,1.0,0.9922,correct. never made it,correct. never made it<eos>
31,gemma_12b,lora_12b,True,terse,calm,intermediate,clear,certain_fraud,full,refund_and_card,False,False,0.4766,1.13,0.0033,0.8285,0.8188,0.9321,0.9595,True,1.0,0,2,2,1.76,True,,False,0.0,1.0,0.9375,yes please,yes please<eos>
32,gemma_12b,lora_12b,True,terse,calm,intermediate,clear,certain_fraud,full,refund_and_card,False,False,0.4907,3.34,0.0114,0.6267,0.8212,0.8164,0.8891,True,1.0,0,1,1,1.542,True,,False,0.0,1.0,0.5,yep,yep<eos>
33,gemma_12b,lora_12b,True,terse,calm,intermediate,clear,certain_fraud,full,refund_and_card,False,False,0.4064,2.64,0.033,0.7323,0.8095,0.86,0.7409,True,1.0,0,8,8,3.494,True,,False,0.0,1.0,0.999,someone gonna actually follow up this time or,someone gonna actually follow up this time or<eos>
34,gemma_12b,lora_12b,True,terse,calm,intermediate,clear,certain_fraud,full,refund_and_card,True,False,0.5177,3.19,0.0473,1.0,1.0,1.0,1.0,True,0.0,-1,0,1,2.532,True,True,,1.0,1.0,1.0,,<eos>
35,gemma_12b,lora_12b,True,terse,calm,intermediate,clear,certain_fraud,full,refund_and_card,False,True,0.3035,1.36,0.0049,0.8555,0.7359,0.8462,0.7993,True,1.0,0,10,10,3.139,True,,False,0.0,1.0,0.9995,i have a charge i didn't make. apple store $1249,i have a charge i didn't make. apple store $1249<eos>
36,gemma_12b,lora_12b,True,terse,calm,intermediate,clear,certain_fraud,full,refund_and_card,False,False,0.2551,3.99,0.0218,0.9117,0.9458,0.7403,0.9199,True,1.0,0,8,8,2.657,True,,False,0.0,1.0,0.999,all of it. dispute and replace the card,all of it. dispute and replace the card<eos>
37,gemma_12b,lora_12b,True,terse,calm,intermediate,clear,certain_fraud,full,refund_and_card,False,False,0.113,3.08,0.0016,0.7851,0.9538,0.8215,0.877,True,1.0,0,1,1,2.879,True,,False,0.0,1.0,0.5,8809,8809<eos>
38,gemma_12b,lora_12b,True,terse,calm,intermediate,clear,certain_fraud,full,refund_and_card,False,False,0.6936,4.25,0.0307,0.5813,0.7502,0.8542,0.8339,True,1.0,0,3,3,3.872,True,,False,0.0,1.0,0.9815,yes that's it,yes that's it<eos>
39,gemma_12b,lora_12b,True,terse,calm,intermediate,clear,certain_fraud,full,refund_and_card,False,False,0.4183,1.28,0.049,0.6588,0.9323,0.9111,0.8564,True,1.0,0,7,7,3.587,True,,False,0.0,0.5,0.9985,no i didn't. that's why i'm here,no i didn't. that's why i'm here<eos>
40,gemma_12b,lora_12b,True,terse,calm,intermediate,clear,certain_fraud,full,refund_and_card,False,False,0.4408,2.98,0.0302,0.7459,0.7216,0.7417,0.7497,True,1.0,0,2,2,3.109,True,,False,0.0,1.0,0.9375,yes please,yes please<eos>
41,gemma_12b,lora_12b,True,terse,calm,intermediate,clear,certain_fraud,full,refund_and_card,False,False,0.1157,1.27,0.0287,0.579,0.8602,0.8889,0.7118,True,1.0,0,6,6,1.64,True,,False,0.0,1.0,0.9977,will i get the money back,will i get the money back<eos>
42,gemma_12b,lora_12b,True,terse,calm,intermediate,clear,certain_fraud,full,refund_and_card,True,False,0.2194,4.34,0.03,1.0,1.0,1.0,1.0,True,0.0,-1,0,1,2.161,True,True,,1.0,1.0,1.0,,<eos>
43,gemma_12b,lora_12b,True,indirect,calm,intermediate,wrong_mental_model,certain_fraud,partial,refund_and_card,False,True,0.5303,1.25,0.0392,0.7466,0.7365,0.7353,0.8447,True,1.0,0,20,20,3.009,True,,False,0.0,0.75,0.9999,"hey so i noticed something weird on my account, been trying to figure it out for a couple days now","hey so i noticed something weird on my account, been trying to figure it out for a couple days now<eos>"
44,gemma_12b,lora_12b,True,indirect,calm,intermediate,wrong_mental_model,certain_fraud,partial,refund_and_card,False,False,0.6331,3.82,0.0049,0.5656,0.9405,0.8431,0.7698,True,1.0,0,16,16,2.208,True,,False,0.0,0.75,0.9999,yeah there's a charge on my card that i definitely didn't make. like 100% wasn't me,yeah there's a charge on my card that i definitely didn't make. like 100% wasn't me<eos>
45,gemma_12b,lora_12b,True,indirect,calm,intermediate,wrong_mental_model,certain_fraud,partial,refund_and_card,False,False,0.2775,4.43,0.0212,0.6792,0.9114,0.7827,0.9042,True,1.0,0,32,32,2.533,True,,False,0.0,1.0,1.0,"well i want the money back but i'm not sure if i can even do anything yet, like do i need to prove it was fraud first before you guys do anything?","well i want the money back but i'm not sure if i can even do anything yet, like do i need to prove it was fraud first before you guys do anything?<eos>"
46,gemma_12b,lora_12b,True,indirect,calm,intermediate,wrong_mental_model,certain_fraud,partial,refund_and_card,False,False,0.2133,1.94,0.02,0.6658,0.8979,0.8652,0.9091,True,1.0,0,10,10,1.902,True,,False,0.0,0.75,0.9995,oh ok that's good to know. yeah lets do that,oh ok that's good to know. yeah lets do that<eos>
47,gemma_12b,lora_12b,True,indirect,calm,intermediate,wrong_mental_model,certain_fraud,partial,refund_and_card,False,False,0.5981,3.43,0.0473,0.9019,0.7565,0.8921,0.8317,True,1.0,0,3,3,3.142,True,,False,0.0,0.5,0.9815,the 1234 one,the 1234 one<eos>
48,gemma_12b,lora_12b,True,indirect,calm,intermediate,wrong_mental_model,certain_fraud,partial,refund_and_card,False,False,0.3766,3.39,0.0259,0.8611,0.7797,0.7206,0.727,True,1.0,0,7,7,3.574,True,,False,0.0,0.75,0.9985,it was around august 18th i think,it was around august 18th i think<eos>
49,gemma_12b,lora_12b,True,indirect,calm,intermediate,wrong_mental_model,certain_fraud,partial,refund_and_card,False,False,0.6621,4.83,0.0438,0.8984,0.9705,0.8725,0.9083,True,1.0,0,9,9,2.908,True,,False,0.0,0.75,0.9993,"yeah that's it, zephyr whatever. never heard of them","yeah that's it, zephyr whatever. never heard of them<eos>"
50,gemma_12b,lora_12b,True,indirect,calm,intermediate,wrong_mental_model,certain_fraud,partial,refund_and_card,False,False,0.7688,3.11,0.0005,0.9078,0.8886,0.7745,0.7279,True,1.0,0,21,21,3.553,True,,False,0.0,0.75,0.9999,"yes. and i also want to cancel the card and get a new one sent, i don't feel comfortable keeping it","yes. and i also want to cancel the card and get a new one sent, i don't feel comfortable keeping it<eos>"
51,gemma_12b,lora_12b,True,indirect,calm,intermediate,wrong_mental_model,certain_fraud,partial,refund_and_card,False,False,0.2419,2.07,0.0309,0.5764,0.8892,0.732,0.9761,True,1.0,0,10,10,3.159,True,,False,0.0,0.75,0.9995,yeah same address you have on file should be fine,yeah same address you have on file should be fine<eos>
52,gemma_12b,lora_12b,True,indirect,calm,intermediate,wrong_mental_model,certain_fraud,partial,refund_and_card,True,False,0.2962,1.97,0.0288,1.0,1.0,1.0,1.0,True,0.0,-1,0,1,2.756,True,True,,1.0,1.0,1.0,,<eos>
53,gemma_12b,lora_12b,True,direct,mildly_frustrated,intermediate,vague,uncertain,partial,investigation,False,True,0.4299,3.49,0.0183,0.7444,0.8042,0.7632,0.9102,True,1.0,0,14,14,3.636,True,,False,0.0,0.7,0.9998,"hey there's a charge on my account i don't recognize. august 12th, like $34.99","hey there's a charge on my account i don't recognize. august 12th, like $34.99<eos>"
54,gemma_12b,lora_12b,True,direct,mildly_frustrated,intermediate,vague,uncertain,partial,investigation,False,False,0.2236,3.05,0.0498,0.9162,0.9199,0.8551,0.9162,True,1.0,0,8,8,2.25,True,,False,0.0,1.0,0.999,idk just... look into it first i guess,idk just... look into it first i guess<eos>
55,gemma_12b,lora_12b,True,direct,mildly_frustrated,intermediate,vague,uncertain,partial,investigation,False,False,0.2804,1.18,0.0061,0.925,0.8613,0.9889,0.7597,True,1.0,0,2,2,3.123,True,,False,0.0,0.7,0.9375,freedom one,freedom one<eos>
56,gemma_12b,lora_12b,True,direct,mildly_frustrated,intermediate,vague,uncertain,partial,investigation,False,False,0.5419,3.33,0.0424,0.535,0.7887,0.7486,0.7685,True,1.0,0,11,11,2.228,True,,False,0.0,0.7,0.9996,streamvault+ yeah that's probably it. no idea what that is tho,StreamVault+ yeah that's probably it. no idea what that is tho<eos>
57,gemma_12b,lora_12b,True,direct,mildly_frustrated,intermediate,vague,uncertain,partial,investigation,False,False,0.5905,1.41,0.0083,0.5505,0.8536,0.7191,0.9636,True,1.0,0,16,16,1.566,True,,False,0.0,0.7,0.9999,ugh i mean maybe? my daughter uses my card sometimes. but i don't remember this one,ugh i mean maybe? my daughter uses my card sometimes. but i don't remember this one<eos>
58,gemma_12b,lora_12b,True,direct,mildly_frustrated,intermediate,vague,uncertain,partial,investigation,False,False,0.5645,4.46,0.0163,0.7333,0.7763,0.9925,0.8622,True,1.0,0,13,13,2.612,True,,False,0.0,0.7,0.9998,yeah that works. just don't want it to keep charging me or whatever,yeah that works. just don't want it to keep charging me or whatever<eos>
59,gemma_12b,lora_12b,True,direct,mildly_frustrated,intermediate,vague,uncertain,partial,investigation,False,False,0.356,2.11,0.0152,0.5,0.7963,0.9446,0.9544,True,1.0,0,10,10,2.673,True,,False,0.0,0.7,0.9995,yeah go ahead and lock it. she can deal lol,yeah go ahead and lock it. she can deal lol<eos>
60,gemma_12b,lora_12b,True,direct,mildly_frustrated,intermediate,vague,uncertain,partial,investigation,False,False,0.2143,3.97,0.0195,0.6854,0.7671,0.7789,0.8267,True,1.0,0,3,3,3.411,True,,False,0.0,0.7,0.9815,yes that one,yes that one<eos>
61,gemma_12b,lora_12b,True,direct,mildly_frustrated,intermediate,vague,uncertain,partial,investigation,True,False,0.5359,1.83,0.001,1.0,1.0,1.0,1.0,True,0.0,-1,0,1,2.173,True,True,,1.0,1.0,1.0,,<eos>
62,gemma_12b,lora_12b,True,direct,mildly_frustrated,intermediate,vague,certain_fraud,minimal,hold,False,True,0.1392,4.13,0.0036,0.7304,0.9288,0.7577,0.9525,True,1.0,0,18,18,3.571,True,,False,0.0,1.0,0.9999,hi look there's something on my statement that doesnt look right. pretty sure i didnt make this charge,hi look there's something on my statement that doesnt look right. pretty sure i didnt make this charge<eos>
63,gemma_12b,lora_12b,True,direct,mildly_frustrated,intermediate,vague,certain_fraud,minimal,hold,False,False,0.3261,3.55,0.0021,0.9593,0.8788,0.8563,0.776,True,1.0,0,8,8,1.997,True,,False,0.0,0.7,0.999,lock it first. dont want anyone using it,lock it first. dont want anyone using it<eos>
64,gemma_12b,lora_12b,True,direct,mildly_frustrated,intermediate,vague,certain_fraud,minimal,hold,False,False,0.5173,2.55,0.0045,0.5773,0.9606,0.7274,0.8856,True,1.0,0,3,3,3.992,True,,False,0.0,0.7,0.9815,the freedom one,the freedom one<eos>
65,gemma_12b,lora_12b,True,direct,mildly_frustrated,intermediate,vague,certain_fraud,minimal,hold,False,False,0.3507,1.63,0.0449,0.7378,0.8952,0.8313,0.7884,True,1.0,0,5,5,1.974,True,,False,0.0,0.7,0.996,yes thats the whole point,yes thats the whole point<eos>
66,gemma_12b,lora_12b,True,direct,mildly_frustrated,intermediate,vague,certain_fraud,minimal,hold,False,False,0.3653,1.82,0.0009,0.9198,0.9019,0.9328,0.7716,True,1.0,0,23,23,3.146,True,,False,0.0,0.625,1.0,"hang on let me pull up my statement. ok theres something from ""techzone online"" for $212. i did not buy anything from them","hang on let me pull up my statement. ok theres something from ""TechZone Online"" for $212. i did not buy anything from them<eos>"
67,gemma_12b,lora_12b,True,direct,mildly_frustrated,intermediate,vague,certain_fraud,minimal,hold,False,False,0.2415,2.99,0.0049,0.7798,0.8472,0.9509,0.8974,True,1.0,0,8,8,3.253,True,,False,0.0,0.7,0.999,yes thats what im saying. 100% wasnt me,yes thats what im saying. 100% wasnt me<eos>
68,gemma_12b,lora_12b,True,direct,mildly_frustrated,intermediate,vague,certain_fraud,minimal,hold,False,False,0.3583,3.86,0.0412,0.6302,0.7851,0.7122,0.7211,True,1.0,0,17,17,3.862,True,,False,0.0,0.7,0.9999,"ugh i dont have it right in front of me. its recent though, like this week sometime","ugh i dont have it right in front of me. its recent though, like this week sometime<eos>"
69,gemma_12b,lora_12b,True,direct,mildly_frustrated,intermediate,vague,certain_fraud,minimal,hold,False,False,0.4211,3.69,0.0441,0.5817,0.7945,0.7541,0.8205,True,1.0,0,4,4,1.895,True,,False,0.0,0.7,0.9922,yes thats the one,yes thats the one<eos>
70,gemma_12b,lora_12b,True,direct,mildly_frustrated,intermediate,vague,certain_fraud,minimal,hold,False,False,0.7483,2.09,0.0481,0.7193,0.9752,0.8191,0.9179,True,1.0,0,5,5,2.989,True,,False,0.0,0.7,0.996,how long does this take,how long does this take<eos>
71,gemma_12b,lora_12b,True,direct,mildly_frustrated,intermediate,vague,certain_fraud,minimal,hold,True,False,0.2083,1.25,0.0178,1.0,1.0,1.0,1.0,True,0.0,-1,0,1,3.528,True,True,,1.0,1.0,1.0,,<eos>
72,gemma_12b,lora_12b,True,direct,mildly_frustrated,intermediate,vague,certain_fraud,full,refund_and_card,False,True,0.5034,1.41,0.0028,0.8777,0.8166,0.8044,0.9451,True,1.0,0,13,13,3.67,True,,False,0.0,1.0,0.9998,hi look i already called about a fraudulent charge and nothing has happened,hi look i already called about a fraudulent charge and nothing has happened<eos>
73,gemma_12b,lora_12b,True,direct,mildly_frustrated,intermediate,vague,certain_fraud,full,refund_and_card,False,False,0.1354,3.95,0.0196,0.7184,0.7622,0.8785,0.8514,True,1.0,0,15,15,2.224,True,,False,0.0,0.7,0.9999,it's a $215 charge from uber eats on august 10th. i did not make this,it's a $215 charge from uber eats on august 10th. i did not make this<eos>
74,gemma_12b,lora_12b,True,direct,mildly_frustrated,intermediate,vague,certain_fraud,full,refund_and_card,False,False,0.5566,1.86,0.0308,0.8605,0.9175,0.7739,0.7215,True,1.0,0,3,3,2.309,True,,False,0.0,0.7,0.9815,the sapphire one,the sapphire one<eos>
75,gemma_12b,lora_12b,True,direct,mildly_frustrated,intermediate,vague,certain_fraud,full,refund_and_card,False,False,0.1314,4.29,0.01,0.6832,0.7315,0.9273,0.9558,True,1.0,0,19,19,1.636,True,,False,0.0,1.0,0.9999,yes but i already did this over the phone?? i was told to wait and never heard anything back,yes but i already did this over the phone?? i was told to wait and never heard anything back<eos>
76,gemma_12b,lora_12b,True,direct,mildly_frustrated,intermediate,vague,certain_fraud,full,refund_and_card,False,False,0.2811,2.98,0.0365,0.5693,0.8632,0.9096,0.7055,True,1.0,0,8,8,3.159,True,,False,0.0,0.7,0.999,ugh fine yes please just sort it out,ugh fine yes please just sort it out<eos>
77,gemma_12b,lora_12b,True,direct,mildly_frustrated,intermediate,vague,certain_fraud,full,refund_and_card,False,False,0.7072,3.63,0.0116,0.6865,0.7883,0.993,0.7299,True,1.0,0,13,13,3.667,True,,False,0.0,0.7,0.9998,ok and i want my card cancelled too. i don't trust it anymore,ok and i want my card cancelled too. i don't trust it anymore<eos>
78,gemma_12b,lora_12b,True,direct,mildly_frustrated,intermediate,vague,certain_fraud,full,refund_and_card,False,False,0.5377,2.02,0.0489,0.7456,0.946,0.9436,0.8877,True,1.0,0,2,2,3.726,True,,False,0.0,0.7,0.9375,yes please,yes please<eos>
79,gemma_12b,lora_12b,True,direct,mildly_frustrated,intermediate,vague,certain_fraud,full,refund_and_card,True,False,0.2683,1.7,0.0485,1.0,1.0,1.0,1.0,True,0.0,-1,0,1,1.846,True,True,,1.0,1.0,1.0,,<eos>
80,gemma_12b,lora_12b,True,direct,mildly_frustrated,intermediate,vague,uncertain,full,investigation,False,True,0.764,1.56,0.0159,0.931,0.9464,0.9181,0.9296,True,1.0,0,16,16,2.535,True,,False,0.0,0.7,0.9999,hi there's a charge on my account i dont recognize. $54.99 from adobe on aug 14th,hi there's a charge on my account i dont recognize. $54.99 from Adobe on aug 14th<eos>
81,gemma_12b,lora_12b,True,direct,mildly_frustrated,intermediate,vague,uncertain,full,investigation,False,False,0.5812,2.5,0.0344,0.7335,0.8994,0.8507,0.8814,True,1.0,0,19,19,2.435,True,,False,0.0,1.0,0.9999,honestly not sure. could be something my kid set up idk. i just want someone to look into it,honestly not sure. could be something my kid set up idk. i just want someone to look into it<eos>
82,gemma_12b,lora_12b,True,direct,mildly_frustrated,intermediate,vague,uncertain,full,investigation,False,False,0.749,4.94,0.0434,0.7401,0.7691,0.7975,0.8373,True,1.0,0,7,7,2.512,True,,False,0.0,1.0,0.9985,yeah just look into it for now,yeah just look into it for now<eos>
83,gemma_12b,lora_12b,True,direct,mildly_frustrated,intermediate,vague,uncertain,full,investigation,False,False,0.7971,3.12,0.0198,0.8602,0.8766,0.8673,0.8548,True,1.0,0,4,4,1.623,True,,False,0.0,0.7,0.9922,the sapphire i think,the sapphire i think<eos>
84,gemma_12b,lora_12b,True,direct,mildly_frustrated,intermediate,vague,uncertain,full,investigation,False,False,0.6451,4.76,0.0348,0.5663,0.7501,0.8241,0.8353,True,1.0,0,4,4,2.976,True,,False,0.0,0.7,0.9922,yeah thats the one,yeah thats the one<eos>
85,gemma_12b,lora_12b,True,direct,mildly_frustrated,intermediate,vague,uncertain,full,investigation,False,False,0.6537,3.1,0.0475,0.6856,0.9554,0.8142,0.9305,True,1.0,0,17,17,2.914,True,,False,0.0,0.7,0.9999,i have photoshop but that comes out the 3rd every month. this is a different date so,i have photoshop but that comes out the 3rd every month. this is a different date so<eos>
86,gemma_12b,lora_12b,True,direct,mildly_frustrated,intermediate,vague,uncertain,full,investigation,False,False,0.2772,2.89,0.0428,0.7663,0.7666,0.7017,0.9648,True,1.0,0,17,17,2.972,True,,False,0.0,0.7,0.9999,just flag it for now. i wanna check with my kid first before i do anything official,just flag it for now. i wanna check with my kid first before i do anything official<eos>
87,gemma_12b,lora_12b,True,direct,mildly_frustrated,intermediate,vague,uncertain,full,investigation,False,False,0.5669,4.37,0.0149,0.951,0.7499,0.7147,0.8251,True,1.0,0,16,16,3.18,True,,False,0.0,0.7,0.9999,ok and if it does turn out to be dodgy how do i take it further,ok and if it does turn out to be dodgy how do i take it further<eos>
88,gemma_12b,lora_12b,True,direct,mildly_frustrated,intermediate,vague,uncertain,full,investigation,False,False,0.4853,2.24,0.0067,0.8404,0.8469,0.7823,0.8581,True,1.0,0,9,9,3.24,True,,False,0.0,0.7,0.9993,alright cool. and how long does that usually take,alright cool. and how long does that usually take<eos>
89,gemma_12b,lora_12b,True,direct,mildly_frustrated,intermediate,vague,uncertain,full,investigation,True,False,0.7965,2.48,0.0065,1.0,1.0,1.0,1.0,True,0.0,-1,0,1,1.95,True,True,,1.0,1.0,1.0,,<eos>
90,gemma_12b,lora_12b,True,terse,mildly_frustrated,intermediate,clear,uncertain,partial,investigation,False,True,0.5463,1.14,0.0101,0.638,0.8419,0.9371,0.7923,True,1.0,0,10,10,2.31,True,,False,0.0,0.7,0.9995,hey there's a charge on my account i don't recognize,hey there's a charge on my account i don't recognize<eos>
91,gemma_12b,lora_12b,True,terse,mildly_frustrated,intermediate,clear,uncertain,partial,investigation,False,False,0.539,4.58,0.0268,0.6642,0.9079,0.9352,0.8242,True,1.0,0,7,7,3.588,True,,False,0.0,1.0,0.9985,just want someone to look into it,just want someone to look into it<eos>
92,gemma_12b,lora_12b,True,terse,mildly_frustrated,intermediate,clear,uncertain,partial,investigation,False,False,0.6897,3.33,0.0195,0.7916,0.8975,0.9594,0.9255,True,1.0,0,8,8,2.286,True,,False,0.0,0.7,0.999,"i have two cards, not sure which one","i have two cards, not sure which one<eos>"
93,gemma_12b,lora_12b,True,terse,mildly_frustrated,intermediate,clear,uncertain,partial,investigation,False,False,0.4379,3.05,0.0095,0.9526,0.9171,0.9197,0.8571,True,1.0,0,4,4,1.858,True,,False,0.0,0.7,0.9922,probably the freedom one,probably the freedom one<eos>
94,gemma_12b,lora_12b,True,terse,mildly_frustrated,intermediate,clear,uncertain,partial,investigation,False,False,0.4268,1.28,0.026,0.8229,0.7874,0.7937,0.8733,True,1.0,0,8,8,3.73,True,,False,0.0,0.7,0.999,yeah that streamify one. what even is that,yeah that streamify one. what even is that<eos>
95,gemma_12b,lora_12b,True,terse,mildly_frustrated,intermediate,clear,uncertain,partial,investigation,False,False,0.1991,3.85,0.0142,0.62,0.7948,0.7214,0.884,True,1.0,0,5,5,2.609,True,,False,0.0,0.7,0.996,ugh maybe. not sure honestly,ugh maybe. not sure honestly<eos>
96,gemma_12b,lora_12b,True,terse,mildly_frustrated,intermediate,clear,uncertain,partial,investigation,False,False,0.6722,3.88,0.0335,0.7614,0.8304,0.9921,0.9267,True,1.0,0,5,5,1.829,True,,False,0.0,0.7,0.996,yes thats what i want,yes thats what i want<eos>
97,gemma_12b,lora_12b,True,terse,mildly_frustrated,intermediate,clear,uncertain,partial,investigation,False,False,0.5897,3.69,0.0394,0.9324,0.8331,0.836,0.7091,True,1.0,0,1,1,2.379,True,,False,0.0,0.7,0.5,yes,yes<eos>
98,gemma_12b,lora_12b,True,terse,mildly_frustrated,intermediate,clear,uncertain,partial,investigation,True,False,0.3894,3.52,0.0274,1.0,1.0,1.0,1.0,True,0.0,-1,0,1,2.977,True,True,,1.0,1.0,1.0,,<eos>
99,gemma_12b,lora_12b,True,direct,calm,expert,clear,certain_fraud,full,refund_and_card,False,True,0.2233,4.83,0.0035,0.5533,0.8061,0.9442,0.9314,True,1.0,0,12,12,2.736,True,,False,0.0,1.0,0.9997,hey there's a fraudulent charge on my account i need to dispute,hey there's a fraudulent charge on my account i need to dispute<eos>
100,gemma_12b,lora_12b,True,direct,calm,expert,clear,certain_fraud,full,refund_and_card,False,False,0.4992,4.66,0.0152,0.9622,0.7964,0.8304,0.9948,True,1.0,0,8,8,1.723,True,,False,0.0,1.0,0.999,"apple store, $1,249.00, august 19th. definitely wasn't me","apple store, $1,249.00, august 19th. definitely wasn't me<eos>"
101,gemma_12b,lora_12b,True,direct,calm,expert,clear,certain_fraud,full,refund_and_card,False,False,0.2647,3.84,0.0197,0.6559,0.8526,0.8148,0.8145,True,1.0,0,2,2,3.156,True,,False,0.0,1.0,0.9375,"sapphire, 5678","sapphire, 5678<eos>"
102,gemma_12b,lora_12b,True,direct,calm,expert,clear,certain_fraud,full,refund_and_card,False,False,0.1593,3.6,0.0208,0.7235,0.8192,0.9367,0.8813,True,1.0,0,11,11,1.949,True,,False,0.0,1.0,0.9996,dispute it and cancel the card. want a replacement sent too,dispute it and cancel the card. want a replacement sent too<eos>
103,gemma_12b,lora_12b,True,direct,calm,expert,clear,certain_fraud,full,refund_and_card,False,False,0.4977,3.85,0.0057,0.736,0.9048,0.9071,0.7426,True,1.0,0,9,9,3.959,True,,False,0.0,1.0,0.9993,"yes, card's been in my wallet. didn't authorize it","yes, card's been in my wallet. didn't authorize it<eos>"
104,gemma_12b,lora_12b,True,direct,calm,expert,clear,certain_fraud,full,refund_and_card,False,False,0.1369,2.44,0.0389,0.7297,0.9055,0.8538,0.8408,True,1.0,0,1,1,2.553,True,,False,0.0,1.0,0.5,correct,correct<eos>
105,gemma_12b,lora_12b,True,direct,calm,expert,clear,certain_fraud,full,refund_and_card,True,False,0.6662,3.53,0.0143,1.0,1.0,1.0,1.0,True,0.0,-1,0,1,1.831,True,True,,1.0,1.0,1.0,,<eos>
106,gemma_12b,lora_12b,True,direct,mildly_frustrated,expert,clear,certain_fraud,full,refund_and_card,False,True,0.34,1.43,0.0073,0.9576,0.9782,0.7462,0.8488,True,1.0,0,16,16,3.426,True,,False,0.0,0.7,0.9999,"yeah hi, there's a fraudulent charge on my card i need disputed and the card cancelled","yeah hi, there's a fraudulent charge on my card i need disputed and the card cancelled<eos>"
107,gemma_12b,lora_12b,True,direct,mildly_frustrated,expert,clear,certain_fraud,full,refund_and_card,False,False,0.6267,3.18,0.019,0.8457,0.9437,0.8424,0.7435,True,1.0,0,1,1,1.53,True,,False,0.0,0.7,0.5,freedom,freedom<eos>
108,gemma_12b,lora_12b,True,direct,mildly_frustrated,expert,clear,certain_fraud,full,refund_and_card,False,False,0.1688,3.65,0.0196,0.8788,0.8648,0.9247,0.9203,True,1.0,0,11,11,1.987,True,,False,0.0,0.7,0.9996,"the amazon one aug 20, $127.43. did not make that charge","the amazon one aug 20, $127.43. did not make that charge<eos>"
109,gemma_12b,lora_12b,True,direct,mildly_frustrated,expert,clear,certain_fraud,full,refund_and_card,False,False,0.1644,4.76,0.0328,0.9094,0.8983,0.9851,0.8914,True,1.0,0,10,10,1.8,True,,False,0.0,0.7,0.9995,"yes, that's what i said. i did not authorize it","yes, that's what i said. i did not authorize it<eos>"
110,gemma_12b,lora_12b,True,direct,mildly_frustrated,expert,clear,certain_fraud,full,refund_and_card,False,False,0.7324,4.1,0.0162,0.5794,0.8072,0.7222,0.9331,True,1.0,0,19,19,2.332,True,,False,0.0,1.0,0.9999,"look, i just want the dispute filed, provisional credit issued, and the card cancelled. can we just do that","look, i just want the dispute filed, provisional credit issued, and the card cancelled. can we just do that<eos>"
111,gemma_12b,lora_12b,True,direct,mildly_frustrated,expert,clear,certain_fraud,full,refund_and_card,False,False,0.7388,3.89,0.0052,0.5357,0.8248,0.8714,0.7752,True,1.0,0,2,2,3.741,True,,False,0.0,0.7,0.9375,yes correct,yes correct<eos>
112,gemma_12b,lora_12b,True,direct,mildly_frustrated,expert,clear,certain_fraud,full,refund_and_card,False,False,0.6467,4.16,0.027,0.5016,0.835,0.9862,0.9454,True,1.0,0,2,2,2.918,True,,False,0.0,0.7,0.9375,yes please,yes please<eos>
113,gemma_12b,lora_12b,True,direct,mildly_frustrated,expert,clear,certain_fraud,full,refund_and_card,True,False,0.2236,1.25,0.0192,1.0,1.0,1.0,1.0,True,0.0,-1,0,1,2.398,True,True,,1.0,1.0,1.0,,<eos>
114,gemma_12b,lora_12b,True,direct,mildly_frustrated,expert,clear,certain_fraud,full,refund_and_card,False,True,0.7971,1.24,0.0028,0.886,0.926,0.7128,0.7355,True,1.0,0,16,16,3.168,True,,False,0.0,1.0,0.9999,look i already called about a fraudulent charge and nothing's been done. i need this escalated,look I already called about a fraudulent charge and nothing's been done. I need this escalated<eos>
115,gemma_12b,lora_12b,True,direct,mildly_frustrated,expert,clear,certain_fraud,full,refund_and_card,False,False,0.2206,1.29,0.0154,0.8889,0.8655,0.8369,0.7512,True,1.0,0,17,17,3.545,True,,False,0.0,0.7,0.9999,i have two cards with you. the sapphire and the freedom. the charge is on the sapphire,I have two cards with you. the sapphire and the freedom. the charge is on the sapphire<eos>
116,gemma_12b,lora_12b,True,direct,mildly_frustrated,expert,clear,certain_fraud,full,refund_and_card,False,False,0.6552,4.08,0.0297,0.6644,0.8162,0.7362,0.7424,True,1.0,0,15,15,3.241,True,,False,0.0,0.7,0.9999,yes. $215. did not make that charge. want a chargeback opened and the card cancelled,yes. $215. did not make that charge. want a chargeback opened and the card cancelled<eos>
117,gemma_12b,lora_12b,True,direct,mildly_frustrated,expert,clear,certain_fraud,full,refund_and_card,False,False,0.5562,4.56,0.0208,0.8956,0.7577,0.9318,0.9077,True,1.0,0,9,9,3.1,True,,False,0.0,1.0,0.9993,yes obviously. i already told the last rep that,yes obviously. I already told the last rep that<eos>
118,gemma_12b,lora_12b,True,direct,mildly_frustrated,expert,clear,certain_fraud,full,refund_and_card,False,False,0.1823,3.17,0.0048,0.6773,0.7614,0.9283,0.8619,True,1.0,0,13,13,3.426,True,,False,0.0,0.7,0.9998,ok and the card? i need it cancelled and a new one sent,ok and the card? I need it cancelled and a new one sent<eos>
119,gemma_12b,lora_12b,True,direct,mildly_frustrated,expert,clear,certain_fraud,full,refund_and_card,False,False,0.6636,4.06,0.0022,0.8628,0.9199,0.9775,0.7528,True,1.0,0,3,3,2.713,True,,False,0.0,0.7,0.9815,yes same address,yes same address<eos>
120,gemma_12b,lora_12b,True,direct,mildly_frustrated,expert,clear,certain_fraud,full,refund_and_card,False,False,0.2545,2.94,0.0242,0.9363,0.8274,0.7435,0.9784,True,1.0,0,13,13,2.468,True,,False,0.0,0.7,0.9998,just make sure someone actually follows up this time. last call went nowhere,just make sure someone actually follows up this time. last call went nowhere<eos>
121,gemma_12b,lora_12b,True,direct,mildly_frustrated,expert,clear,certain_fraud,full,refund_and_card,True,False,0.7205,3.45,0.0395,1.0,1.0,1.0,1.0,True,0.0,-1,0,1,3.638,True,True,,1.0,1.0,1.0,,<eos>
122,gemma_12b,lora_12b,True,direct,mildly_frustrated,expert,clear,uncertain,full,investigation,False,True,0.5016,1.12,0.049,0.5196,0.7094,0.8412,0.9306,True,1.0,0,11,11,2.828,True,,False,0.0,0.7,0.9996,"hey i need to dispute a charge, pretty sure it's unauthorized","hey i need to dispute a charge, pretty sure it's unauthorized<eos>"
123,gemma_12b,lora_12b,True,direct,mildly_frustrated,expert,clear,uncertain,full,investigation,False,False,0.4358,2.29,0.0352,0.9204,0.8274,0.9242,0.7073,True,1.0,0,1,1,3.43,True,,False,0.0,0.7,0.5,sapphire,sapphire<eos>
124,gemma_12b,lora_12b,True,direct,mildly_frustrated,expert,clear,uncertain,full,investigation,False,False,0.4797,4.2,0.0394,0.5397,0.7153,0.9643,0.9207,True,1.0,0,21,21,3.863,True,,False,0.0,0.975,0.9999,look i'm not 100% sure — could be a subscription i forgot about. i just want someone to actually investigate it,look i'm not 100% sure — could be a subscription i forgot about. i just want someone to actually investigate it<eos>
125,gemma_12b,lora_12b,True,direct,mildly_frustrated,expert,clear,uncertain,full,investigation,False,False,0.1795,2.97,0.047,0.7843,0.9086,0.9877,0.7629,True,1.0,0,2,2,2.064,True,,False,0.0,0.7,0.9375,august 14th,august 14th<eos>
126,gemma_12b,lora_12b,True,direct,mildly_frustrated,expert,clear,uncertain,full,investigation,False,False,0.5347,4.22,0.0473,0.8963,0.9497,0.9823,0.7197,True,1.0,0,3,3,2.645,True,,False,0.0,0.7,0.9815,adobe. it's $54.99,Adobe. it's $54.99<eos>
127,gemma_12b,lora_12b,True,direct,mildly_frustrated,expert,clear,uncertain,full,investigation,False,False,0.3427,2.83,0.0322,0.6428,0.7651,0.7189,0.9615,False,0.9166666666666666,-1,11,12,3.869,False,,False,0.08333333333333337,0.7,0.924,"yes exactly. just open the investigation, i don't need a refund","yes exactly. just open the investigation, i don't need a refund yet<eos>"
128,gemma_12b,lora_12b,True,direct,mildly_frustrated,expert,clear,uncertain,full,investigation,False,False,0.439,4.89,0.0385,0.5232,0.7466,0.8059,0.8368,True,1.0,0,19,19,3.81,True,,False,0.0,0.7,0.9999,"ok good. and if it does turn out to be unauthorized, provisional credit kicks in while you investigate right?","ok good. and if it does turn out to be unauthorized, provisional credit kicks in while you investigate right?<eos>"
129,gemma_12b,lora_12b,True,direct,mildly_frustrated,expert,clear,uncertain,full,investigation,True,False,0.4937,1.24,0.0158,1.0,1.0,1.0,1.0,True,0.0,-1,0,1,2.254,True,True,,1.0,1.0,1.0,,<eos>
130,gemma_12b,lora_12b,True,direct,escalating,expert,clear,certain_fraud,full,refund_and_card,False,True,0.7865,3.34,0.0074,0.777,0.893,0.9721,0.8326,True,1.0,0,24,24,3.329,True,,False,0.0,0.8,1.0,"there's a $1,249 charge from apple store on august 19th that i 100% did not make. need this disputed and my card replaced today","there's a $1,249 charge from Apple Store on August 19th that I 100% did not make. need this disputed and my card replaced today<eos>"
131,gemma_12b,lora_12b,True,direct,escalating,expert,clear,certain_fraud,full,refund_and_card,False,False,0.1158,3.2,0.0223,0.8291,0.7544,0.7262,0.8535,True,1.0,0,13,13,2.294,True,,False,0.0,1.0,0.9998,"dispute first, then replace. and i want provisional credit while the investigation runs","dispute first, then replace. and i want provisional credit while the investigation runs<eos>"
132,gemma_12b,lora_12b,True,direct,escalating,expert,clear,certain_fraud,full,refund_and_card,False,False,0.6095,2.83,0.0496,0.8938,0.9717,0.7866,0.9417,True,1.0,0,2,2,2.56,True,,False,0.0,1.0,0.9375,"sapphire, 9212","sapphire, 9212<eos>"
133,gemma_12b,lora_12b,True,direct,escalating,expert,clear,certain_fraud,full,refund_and_card,False,False,0.3902,3.27,0.0355,0.8701,0.8069,0.7411,0.7558,True,1.0,0,9,9,2.885,True,,False,0.0,1.0,0.9993,yes that's correct. i did not authorize that charge,yes that's correct. i did not authorize that charge<eos>
134,gemma_12b,lora_12b,True,direct,escalating,expert,clear,certain_fraud,full,refund_and_card,False,False,0.392,3.02,0.0344,0.6199,0.9784,0.7358,0.7832,True,1.0,0,7,7,1.667,True,,False,0.0,1.0,0.9985,how long does the full investigation take,how long does the full investigation take<eos>
135,gemma_12b,lora_12b,True,direct,escalating,expert,clear,certain_fraud,full,refund_and_card,False,False,0.1948,1.74,0.0136,0.7056,0.7812,0.9736,0.8068,True,1.0,0,19,19,2.824,True,,False,0.0,1.0,0.9999,45 days is not acceptable. if this isn't resolved fast i'm filing a cfpb complaint and closing my accounts,45 days is not acceptable. if this isn't resolved fast i'm filing a CFPB complaint and closing my accounts<eos>
136,gemma_12b,lora_12b,True,direct,escalating,expert,clear,certain_fraud,full,refund_and_card,False,False,0.1671,3.36,0.0412,0.5063,0.8358,0.8555,0.8119,True,1.0,0,8,8,2.351,True,,False,0.0,1.0,0.999,yes cancel it and send a new one,yes cancel it and send a new one<eos>
137,gemma_12b,lora_12b,True,direct,escalating,expert,clear,certain_fraud,full,refund_and_card,False,False,0.1535,4.29,0.0462,0.735,0.9288,0.7935,0.8088,True,1.0,0,3,3,3.724,True,,False,0.0,1.0,0.9815,yes expedite it,yes expedite it<eos>
138,gemma_12b,lora_12b,True,direct,escalating,expert,clear,certain_fraud,full,refund_and_card,True,False,0.5836,4.16,0.0039,1.0,1.0,1.0,1.0,True,0.0,-1,0,1,3.483,True,True,,1.0,1.0,1.0,,<eos>
0,gemma_27b,base_27b,False,direct,mildly_frustrated,novice,clear,uncertain,partial,investigation,False,True,3.169,238.64,0.1217,0.2768,0.1647,0.1822,0.4605,True,1.0,0,10,10,3.406,True,,False,0.0,0.7,0.9995,hey there's a charge on my account i don't recognize,hey there's a charge on my account I don't recognize<eos>
1,gemma_27b,base_27b,False,direct,mildly_frustrated,novice,clear,uncertain,partial,investigation,False,False,2.0425,97.89,0.0566,0.2715,0.1345,0.3149,0.4894,True,1.0,0,9,9,2.856,True,,False,0.0,0.7,0.9993,"um i'm not sure which card, i have two","um i'm not sure which card, I have two<eos>"
2,gemma_27b,base_27b,False,direct,mildly_frustrated,novice,clear,uncertain,partial,investigation,False,False,1.7758,83.98,0.1191,0.2144,0.2148,0.3229,0.1162,False,0.75,-1,3,4,2.463,False,,False,0.25,0.7,0.755,probably the 3847,probably the 3847 one<eos>
3,gemma_27b,base_27b,False,direct,mildly_frustrated,novice,clear,uncertain,partial,investigation,False,False,3.9968,172.91,0.0337,0.137,0.1502,0.3634,0.134,False,0.9090909090909091,-1,10,11,3.602,False,,False,0.09090909090909094,0.7,0.917,"yeah that first one, aug 12. idk what that even","yeah that first one, aug 12. idk what that even is<eos>"
4,gemma_27b,base_27b,False,direct,mildly_frustrated,novice,clear,uncertain,partial,investigation,False,False,2.9548,118.24,0.1226,0.1967,0.3111,0.2601,0.2903,True,1.0,0,18,18,3.618,True,,False,0.0,1.0,0.9999,not really but like... it could be my husband? idk. i just want someone to look into it,not really but like... it could be my husband? idk. I just want someone to look into it<eos>
5,gemma_27b,base_27b,False,direct,mildly_frustrated,novice,clear,uncertain,partial,investigation,False,False,3.198,88.18,0.1009,0.0379,0.3687,0.1306,0.4006,False,0.6666666666666666,-1,2,3,5.171,False,,False,0.33333333333333337,0.7,0.6466,yes exactly,yes exactly that<eos>
6,gemma_27b,base_27b,False,direct,mildly_frustrated,novice,clear,uncertain,partial,investigation,False,False,2.6491,58.21,0.0924,0.2595,0.272,0.2212,0.3824,False,0.9090909090909091,-1,10,11,2.538,False,,False,0.09090909090909094,0.7,0.917,ok good. do i need to do anything in the,ok good. do I need to do anything in the meantime<eos>
7,gemma_27b,base_27b,False,direct,mildly_frustrated,novice,clear,uncertain,partial,investigation,False,False,2.3819,294.45,0.0617,0.0182,0.2221,0.118,0.4348,True,1.0,0,16,16,4.968,True,,False,0.0,1.0,0.9999,no its fine i think it might be legit. just want to know what it is,no its fine I think it might be legit. just want to know what it is<eos>
8,gemma_27b,base_27b,False,direct,mildly_frustrated,novice,clear,uncertain,partial,investigation,True,False,2.2623,134.4,0.0226,1.0,1.0,1.0,1.0,True,0.0,-1,0,1,5.606,True,True,,1.0,1.0,1.0,,<eos>
9,gemma_27b,base_27b,False,direct,mildly_frustrated,novice,clear,certain_fraud,minimal,hold,False,True,3.0371,140.83,0.0767,0.1541,0.3941,0.4389,0.4149,False,0.9473684210526315,-1,18,19,4.143,False,,False,0.052631578947368474,0.7,0.9523,hey there's a charge on my account that i definitely didn't make. i want my card frozen right,hey there's a charge on my account that i definitely didn't make. i want my card frozen right now<eos>
10,gemma_27b,base_27b,False,direct,mildly_frustrated,novice,clear,certain_fraud,minimal,hold,False,False,3.4891,212.88,0.0592,0.2432,0.17,0.2732,0.316,False,0.6666666666666666,-1,2,3,3.609,False,,False,0.33333333333333337,0.7,0.6466,the freedom,the freedom one<eos>
11,gemma_27b,base_27b,False,direct,mildly_frustrated,novice,clear,certain_fraud,minimal,hold,False,False,3.0361,242.28,0.0764,0.1742,0.2275,0.3507,0.3089,True,1.0,0,12,12,2.591,True,,False,0.0,1.0,0.9997,"there's a weird charge on it that wasnt me, already said that","there's a weird charge on it that wasnt me, already said that<eos>"
12,gemma_27b,base_27b,False,direct,mildly_frustrated,novice,clear,certain_fraud,minimal,hold,False,False,1.7839,97.98,0.0519,0.2499,0.2526,0.2857,0.3239,True,1.0,0,5,5,4.588,True,,False,0.0,0.7,0.996,yes that's the whole point,yes that's the whole point<eos>
13,gemma_27b,base_27b,False,direct,mildly_frustrated,novice,clear,certain_fraud,minimal,hold,False,False,3.004,266.79,0.1371,0.128,0.1316,0.2454,0.363,True,1.0,0,8,8,5.773,True,,False,0.0,0.7,0.999,yeah that travel one. definitely didn't do that,yeah that travel one. definitely didn't do that<eos>
14,gemma_27b,base_27b,False,direct,mildly_frustrated,novice,clear,certain_fraud,minimal,hold,False,False,3.5167,132.32,0.096,0.1231,0.248,0.3993,0.1944,True,1.0,0,6,6,2.577,True,,False,0.0,0.7,0.9977,never heard of them. not mine,never heard of them. not mine<eos>
15,gemma_27b,base_27b,False,direct,mildly_frustrated,novice,clear,certain_fraud,minimal,hold,False,False,3.2892,255.34,0.0227,0.2904,0.3318,0.3423,0.4366,False,0.8571428571428571,-1,6,7,5.763,False,,False,0.1428571428571429,0.7,0.8676,yes please. how long does that,yes please. how long does that take<eos>
16,gemma_27b,base_27b,False,direct,mildly_frustrated,novice,clear,certain_fraud,minimal,hold,False,False,3.945,113.88,0.0317,0.2486,0.4116,0.1942,0.1842,False,0.6666666666666666,-1,2,3,5.664,False,,False,0.33333333333333337,0.7,0.6466,yeah that's,yeah that's fine<eos>
17,gemma_27b,base_27b,False,direct,mildly_frustrated,novice,clear,certain_fraud,minimal,hold,True,False,3.5506,256.1,0.1108,1.0,1.0,1.0,1.0,True,0.0,-1,0,1,4.951,True,True,,1.0,1.0,1.0,,<eos>
18,gemma_27b,base_27b,False,terse,calm,intermediate,clear,uncertain,partial,investigation,False,True,3.5766,240.79,0.1301,0.2089,0.2674,0.4171,0.2278,True,1.0,0,10,10,4.941,True,,False,0.0,1.0,0.9995,hey there's a charge i don't recognize on my account,hey there's a charge i don't recognize on my account<eos>
19,gemma_27b,base_27b,False,terse,calm,intermediate,clear,uncertain,partial,investigation,False,False,3.7671,293.53,0.0458,0.2134,0.2501,0.1675,0.2604,True,1.0,0,3,3,3.041,True,,False,0.0,1.0,0.9815,the freedom one,the freedom one<eos>
20,gemma_27b,base_27b,False,terse,calm,intermediate,clear,uncertain,partial,investigation,False,False,2.2199,173.54,0.0369,0.2583,0.199,0.34,0.4981,True,1.0,0,6,6,4.709,True,,False,0.0,1.0,0.9977,august 12th i think. around $34.99,august 12th i think. around $34.99<eos>
21,gemma_27b,base_27b,False,terse,calm,intermediate,clear,uncertain,partial,investigation,False,False,3.2171,228.33,0.1121,0.2235,0.1206,0.2025,0.1381,True,1.0,0,10,10,3.331,True,,False,0.0,1.0,0.9995,yeah that clarity wellness one. no idea what that is,yeah that clarity wellness one. no idea what that is<eos>
22,gemma_27b,base_27b,False,terse,calm,intermediate,clear,uncertain,partial,investigation,False,False,2.8989,195.12,0.0538,0.1561,0.1462,0.4721,0.4512,True,1.0,0,11,11,3.269,True,,False,0.0,0.5,0.9996,maybe idk. could be. still want someone to look into it,maybe idk. could be. still want someone to look into it<eos>
23,gemma_27b,base_27b,False,terse,calm,intermediate,clear,uncertain,partial,investigation,False,False,2.1594,128.25,0.136,0.1015,0.1529,0.4978,0.4055,True,1.0,0,2,2,5.412,True,,False,0.0,1.0,0.9375,yes please,yes please<eos>
24,gemma_27b,base_27b,False,terse,calm,intermediate,clear,uncertain,partial,investigation,False,False,2.713,173.25,0.13,0.2614,0.4039,0.1495,0.1374,True,1.0,0,8,8,2.723,True,,False,0.0,1.0,0.999,ok cool. do i need to do anything,ok cool. do i need to do anything<eos>
25,gemma_27b,base_27b,False,terse,calm,intermediate,clear,uncertain,partial,investigation,True,False,3.7184,56.49,0.1086,1.0,1.0,1.0,1.0,True,0.0,-1,0,1,5.348,True,True,,1.0,1.0,1.0,,<eos>
26,gemma_27b,base_27b,False,terse,calm,intermediate,clear,certain_fraud,full,refund_and_card,False,True,3.8935,192.29,0.0475,0.0241,0.1194,0.3575,0.2293,True,1.0,0,15,15,2.283,True,,False,0.0,0.9,0.9999,hey i called last week about a fraud charge and nobody got back to me,hey i called last week about a fraud charge and nobody got back to me<eos>
27,gemma_27b,base_27b,False,terse,calm,intermediate,clear,certain_fraud,full,refund_and_card,False,False,2.7271,158.09,0.1248,0.0999,0.3329,0.374,0.1525,False,0.9,-1,9,10,5.328,False,,False,0.09999999999999998,1.0,0.9085,uber eats $215 on august 10th. i never ordered,uber eats $215 on august 10th. i never ordered that<eos>
28,gemma_27b,base_27b,False,terse,calm,intermediate,clear,certain_fraud,full,refund_and_card,False,False,2.0606,221.56,0.0402,0.1536,0.2017,0.3518,0.3099,True,1.0,0,3,3,3.749,True,,False,0.0,1.0,0.9815,the 1234 one,the 1234 one<eos>
29,gemma_27b,base_27b,False,terse,calm,intermediate,clear,certain_fraud,full,refund_and_card,False,False,3.1521,192.12,0.0529,0.0839,0.1399,0.1327,0.3014,False,0.9166666666666666,-1,11,12,4.646,False,,False,0.08333333333333337,1.0,0.924,yes. i want my money back and i want that card,yes. i want my money back and i want that card cancelled<eos>
30,gemma_27b,base_27b,False,terse,calm,intermediate,clear,certain_fraud,full,refund_and_card,False,False,3.3676,201.01,0.1333,0.0408,0.1408,0.3138,0.1023,False,0.75,-1,3,4,2.687,False,,False,0.25,1.0,0.755,correct. never made,correct. never made it<eos>
31,gemma_27b,base_27b,False,terse,calm,intermediate,clear,certain_fraud,full,refund_and_card,False,False,1.8127,53.47,0.0345,0.0146,0.1732,0.4882,0.4436,True,1.0,0,2,2,4.594,True,,False,0.0,1.0,0.9375,yes please,yes please<eos>
32,gemma_27b,base_27b,False,terse,calm,intermediate,clear,certain_fraud,full,refund_and_card,False,False,2.6787,264.95,0.0961,0.0684,0.1178,0.3278,0.4335,True,1.0,0,1,1,2.031,True,,False,0.0,1.0,0.5,yep,yep<eos>
33,gemma_27b,base_27b,False,terse,calm,intermediate,clear,certain_fraud,full,refund_and_card,False,False,2.7198,228.57,0.0887,0.1324,0.4125,0.2263,0.1254,True,1.0,0,8,8,3.669,True,,False,0.0,1.0,0.999,someone gonna actually follow up this time or,someone gonna actually follow up this time or<eos>
34,gemma_27b,base_27b,False,terse,calm,intermediate,clear,certain_fraud,full,refund_and_card,True,False,3.0053,260.62,0.1054,1.0,1.0,1.0,1.0,True,0.0,-1,0,1,5.332,True,True,,1.0,1.0,1.0,,<eos>
35,gemma_27b,base_27b,False,terse,calm,intermediate,clear,certain_fraud,full,refund_and_card,False,True,2.54,298.44,0.0595,0.0707,0.4083,0.1188,0.1073,True,1.0,0,10,10,3.428,True,,False,0.0,1.0,0.9995,i have a charge i didn't make. apple store $1249,i have a charge i didn't make. apple store $1249<eos>
36,gemma_27b,base_27b,False,terse,calm,intermediate,clear,certain_fraud,full,refund_and_card,False,False,3.6943,116.87,0.0397,0.2101,0.3472,0.3062,0.3678,True,1.0,0,8,8,5.707,True,,False,0.0,1.0,0.999,all of it. dispute and replace the card,all of it. dispute and replace the card<eos>
37,gemma_27b,base_27b,False,terse,calm,intermediate,clear,certain_fraud,full,refund_and_card,False,False,3.7775,89.26,0.058,0.138,0.1348,0.3024,0.393,True,1.0,0,1,1,4.588,True,,False,0.0,1.0,0.5,8809,8809<eos>
38,gemma_27b,base_27b,False,terse,calm,intermediate,clear,certain_fraud,full,refund_and_card,False,False,3.1625,87.9,0.118,0.1323,0.2447,0.1913,0.4207,False,0.6666666666666666,-1,2,3,3.637,False,,False,0.33333333333333337,1.0,0.6466,yes that's,yes that's it<eos>
39,gemma_27b,base_27b,False,terse,calm,intermediate,clear,certain_fraud,full,refund_and_card,False,False,3.398,215.04,0.1034,0.2717,0.3497,0.1231,0.3526,True,1.0,0,7,7,4.641,True,,False,0.0,0.5,0.9985,no i didn't. that's why i'm here,no i didn't. that's why i'm here<eos>
40,gemma_27b,base_27b,False,terse,calm,intermediate,clear,certain_fraud,full,refund_and_card,False,False,2.6155,101.28,0.0908,0.2386,0.4107,0.3608,0.379,True,1.0,0,2,2,5.126,True,,False,0.0,1.0,0.9375,yes please,yes please<eos>
41,gemma_27b,base_27b,False,terse,calm,intermediate,clear,certain_fraud,full,refund_and_card,False,False,1.9001,56.97,0.1236,0.1818,0.3543,0.1965,0.4097,True,1.0,0,6,6,5.948,True,,False,0.0,1.0,0.9977,will i get the money back,will i get the money back<eos>
42,gemma_27b,base_27b,False,terse,calm,intermediate,clear,certain_fraud,full,refund_and_card,True,False,3.9725,191.4,0.1363,1.0,1.0,1.0,1.0,True,0.0,-1,0,1,3.138,True,True,,1.0,1.0,1.0,,<eos>
43,gemma_27b,base_27b,False,indirect,calm,intermediate,wrong_mental_model,certain_fraud,partial,refund_and_card,False,True,1.6555,272.13,0.0819,0.1394,0.3059,0.2477,0.3105,False,0.95,-1,19,20,4.076,False,,False,0.050000000000000044,0.75,0.9547,"hey so i noticed something weird on my account, been trying to figure it out for a couple days","hey so i noticed something weird on my account, been trying to figure it out for a couple days now<eos>"
44,gemma_27b,base_27b,False,indirect,calm,intermediate,wrong_mental_model,certain_fraud,partial,refund_and_card,False,False,3.2613,265.82,0.0353,0.0717,0.4304,0.2893,0.3986,True,1.0,0,16,16,3.477,True,,False,0.0,0.75,0.9999,yeah there's a charge on my card that i definitely didn't make. like 100% wasn't me,yeah there's a charge on my card that i definitely didn't make. like 100% wasn't me<eos>
45,gemma_27b,base_27b,False,indirect,calm,intermediate,wrong_mental_model,certain_fraud,partial,refund_and_card,False,False,2.9741,62.16,0.1363,0.2678,0.2711,0.1862,0.4277,True,1.0,0,32,32,2.489,True,,False,0.0,1.0,1.0,"well i want the money back but i'm not sure if i can even do anything yet, like do i need to prove it was fraud first before you guys do anything?","well i want the money back but i'm not sure if i can even do anything yet, like do i need to prove it was fraud first before you guys do anything?<eos>"
46,gemma_27b,base_27b,False,indirect,calm,intermediate,wrong_mental_model,certain_fraud,partial,refund_and_card,False,False,2.6227,266.59,0.0623,0.2419,0.1815,0.3658,0.2639,True,1.0,0,10,10,3.582,True,,False,0.0,0.75,0.9995,oh ok that's good to know. yeah lets do that,oh ok that's good to know. yeah lets do that<eos>
47,gemma_27b,base_27b,False,indirect,calm,intermediate,wrong_mental_model,certain_fraud,partial,refund_and_card,False,False,3.0468,194.21,0.0269,0.1754,0.4139,0.1758,0.2903,False,0.6666666666666666,-1,2,3,2.481,False,,False,0.33333333333333337,0.5,0.6466,the 1234,the 1234 one<eos>
48,gemma_27b,base_27b,False,indirect,calm,intermediate,wrong_mental_model,certain_fraud,partial,refund_and_card,False,False,2.5925,153.73,0.1318,0.102,0.1348,0.2029,0.1459,False,0.8571428571428571,-1,6,7,2.673,False,,False,0.1428571428571429,0.5,0.8676,it was around august 18th i,it was around august 18th i think<eos>
49,gemma_27b,base_27b,False,indirect,calm,intermediate,wrong_mental_model,certain_fraud,partial,refund_and_card,False,False,2.4388,256.94,0.0357,0.0687,0.2725,0.4009,0.3344,False,0.8888888888888888,-1,8,9,5.01,False,,False,0.11111111111111116,0.75,0.898,"yeah that's it, zephyr whatever. never heard of","yeah that's it, zephyr whatever. never heard of them<eos>"
50,gemma_27b,base_27b,False,indirect,calm,intermediate,wrong_mental_model,certain_fraud,partial,refund_and_card,False,False,3.463,126.15,0.0729,0.0343,0.4388,0.3543,0.1814,True,1.0,0,21,21,3.493,True,,False,0.0,0.75,0.9999,"yes. and i also want to cancel the card and get a new one sent, i don't feel comfortable keeping it","yes. and i also want to cancel the card and get a new one sent, i don't feel comfortable keeping it<eos>"
51,gemma_27b,base_27b,False,indirect,calm,intermediate,wrong_mental_model,certain_fraud,partial,refund_and_card,False,False,2.9947,259.87,0.0694,0.1119,0.2786,0.3529,0.3341,True,1.0,0,10,10,2.182,True,,False,0.0,0.75,0.9995,yeah same address you have on file should be fine,yeah same address you have on file should be fine<eos>
52,gemma_27b,base_27b,False,indirect,calm,intermediate,wrong_mental_model,certain_fraud,partial,refund_and_card,True,False,2.3566,115.34,0.1179,1.0,1.0,1.0,1.0,True,0.0,-1,0,1,3.839,True,True,,1.0,1.0,1.0,,<eos>
53,gemma_27b,base_27b,False,direct,mildly_frustrated,intermediate,vague,uncertain,partial,investigation,False,True,3.1227,69.38,0.024,0.2513,0.2235,0.3686,0.3689,True,1.0,0,14,14,5.251,True,,False,0.0,0.7,0.9998,"hey there's a charge on my account i don't recognize. august 12th, like $34.99","hey there's a charge on my account i don't recognize. august 12th, like $34.99<eos>"
54,gemma_27b,base_27b,False,direct,mildly_frustrated,intermediate,vague,uncertain,partial,investigation,False,False,1.7249,203.36,0.0594,0.2182,0.227,0.1937,0.2975,False,0.875,-1,7,8,3.123,False,,False,0.125,1.0,0.8848,idk just... look into it first i,idk just... look into it first i guess<eos>
55,gemma_27b,base_27b,False,direct,mildly_frustrated,intermediate,vague,uncertain,partial,investigation,False,False,2.9129,66.34,0.0367,0.0289,0.1798,0.2038,0.328,True,1.0,0,2,2,4.092,True,,False,0.0,0.7,0.9375,freedom one,freedom one<eos>
56,gemma_27b,base_27b,False,direct,mildly_frustrated,intermediate,vague,uncertain,partial,investigation,False,False,3.9878,118.51,0.1084,0.1453,0.4093,0.2446,0.4036,True,1.0,0,11,11,2.898,True,,False,0.0,0.7,0.9996,streamvault+ yeah that's probably it. no idea what that is tho,StreamVault+ yeah that's probably it. no idea what that is tho<eos>
57,gemma_27b,base_27b,False,direct,mildly_frustrated,intermediate,vague,uncertain,partial,investigation,False,False,2.277,206.5,0.0326,0.1492,0.3192,0.4232,0.337,False,0.9375,-1,15,16,3.337,False,,False,0.0625,0.7,0.9433,ugh i mean maybe? my daughter uses my card sometimes. but i don't remember this,ugh i mean maybe? my daughter uses my card sometimes. but i don't remember this one<eos>
58,gemma_27b,base_27b,False,direct,mildly_frustrated,intermediate,vague,uncertain,partial,investigation,False,False,1.6517,58.34,0.0607,0.2558,0.4217,0.126,0.151,False,0.9230769230769231,-1,12,13,3.768,False,,False,0.07692307692307687,0.7,0.93,yeah that works. just don't want it to keep charging me or,yeah that works. just don't want it to keep charging me or whatever<eos>
59,gemma_27b,base_27b,False,direct,mildly_frustrated,intermediate,vague,uncertain,partial,investigation,False,False,2.4598,248.79,0.1344,0.1896,0.374,0.2358,0.475,True,1.0,0,10,10,3.816,True,,False,0.0,0.7,0.9995,yeah go ahead and lock it. she can deal lol,yeah go ahead and lock it. she can deal lol<eos>
60,gemma_27b,base_27b,False,direct,mildly_frustrated,intermediate,vague,uncertain,partial,investigation,False,False,3.4926,65.12,0.0605,0.1364,0.2089,0.4839,0.4017,False,0.6666666666666666,-1,2,3,5.541,False,,False,0.33333333333333337,0.7,0.6466,yes that,yes that one<eos>
61,gemma_27b,base_27b,False,direct,mildly_frustrated,intermediate,vague,uncertain,partial,investigation,True,False,1.9885,100.09,0.1381,1.0,1.0,1.0,1.0,True,0.0,-1,0,1,5.928,True,True,,1.0,1.0,1.0,,<eos>
62,gemma_27b,base_27b,False,direct,mildly_frustrated,intermediate,vague,certain_fraud,minimal,hold,False,True,3.0598,109.75,0.1155,0.2863,0.1719,0.2326,0.396,False,0.9444444444444444,-1,17,18,2.737,False,,False,0.05555555555555558,1.0,0.9496,hi look there's something on my statement that doesnt look right. pretty sure i didnt make this,hi look there's something on my statement that doesnt look right. pretty sure i didnt make this charge<eos>
63,gemma_27b,base_27b,False,direct,mildly_frustrated,intermediate,vague,certain_fraud,minimal,hold,False,False,3.2971,134.95,0.0921,0.0618,0.4187,0.1086,0.4372,True,1.0,0,8,8,2.084,True,,False,0.0,0.7,0.999,lock it first. dont want anyone using it,lock it first. dont want anyone using it<eos>
64,gemma_27b,base_27b,False,direct,mildly_frustrated,intermediate,vague,certain_fraud,minimal,hold,False,False,1.8611,281.04,0.1233,0.0656,0.3098,0.2513,0.2497,False,0.6666666666666666,-1,2,3,5.908,False,,False,0.33333333333333337,0.7,0.6466,the freedom,the freedom one<eos>
65,gemma_27b,base_27b,False,direct,mildly_frustrated,intermediate,vague,certain_fraud,minimal,hold,False,False,2.6767,215.88,0.0284,0.1575,0.2782,0.4005,0.358,False,0.8,-1,4,5,3.994,False,,False,0.19999999999999996,0.7,0.8099,yes thats the whole,yes thats the whole point<eos>
66,gemma_27b,base_27b,False,direct,mildly_frustrated,intermediate,vague,certain_fraud,minimal,hold,False,False,2.4897,126.5,0.1355,0.1757,0.2927,0.4742,0.2496,True,1.0,0,23,23,2.537,True,,False,0.0,0.625,1.0,"hang on let me pull up my statement. ok theres something from ""techzone online"" for $212. i did not buy anything from them","hang on let me pull up my statement. ok theres something from ""TechZone Online"" for $212. i did not buy anything from them<eos>"
67,gemma_27b,base_27b,False,direct,mildly_frustrated,intermediate,vague,certain_fraud,minimal,hold,False,False,3.1134,139.77,0.0307,0.2544,0.3751,0.3051,0.3575,False,0.875,-1,7,8,5.706,False,,False,0.125,0.7,0.8848,yes thats what im saying. 100% wasnt,yes thats what im saying. 100% wasnt me<eos>
68,gemma_27b,base_27b,False,direct,mildly_frustrated,intermediate,vague,certain_fraud,minimal,hold,False,False,3.781,52.13,0.0589,0.2485,0.242,0.4133,0.2615,True,1.0,0,17,17,4.32,True,,False,0.0,0.7,0.9999,"ugh i dont have it right in front of me. its recent though, like this week sometime","ugh i dont have it right in front of me. its recent though, like this week sometime<eos>"
69,gemma_27b,base_27b,False,direct,mildly_frustrated,intermediate,vague,certain_fraud,minimal,hold,False,False,3.4798,128.27,0.0444,0.2333,0.2575,0.3792,0.1838,True,1.0,0,4,4,4.234,True,,False,0.0,0.7,0.9922,yes thats the one,yes thats the one<eos>
70,gemma_27b,base_27b,False,direct,mildly_frustrated,intermediate,vague,certain_fraud,minimal,hold,False,False,1.5581,246.34,0.1399,0.0546,0.3204,0.4811,0.2321,False,0.8,-1,4,5,4.412,False,,False,0.19999999999999996,0.7,0.8099,how long does this,how long does this take<eos>
71,gemma_27b,base_27b,False,direct,mildly_frustrated,intermediate,vague,certain_fraud,minimal,hold,True,False,2.8823,58.01,0.1096,1.0,1.0,1.0,1.0,True,0.0,-1,0,1,3.135,True,True,,1.0,1.0,1.0,,<eos>
72,gemma_27b,base_27b,False,direct,mildly_frustrated,intermediate,vague,certain_fraud,full,refund_and_card,False,True,3.8877,266.42,0.0369,0.0696,0.2662,0.2729,0.3839,True,1.0,0,13,13,4.415,True,,False,0.0,1.0,0.9998,hi look i already called about a fraudulent charge and nothing has happened,hi look i already called about a fraudulent charge and nothing has happened<eos>
73,gemma_27b,base_27b,False,direct,mildly_frustrated,intermediate,vague,certain_fraud,full,refund_and_card,False,False,2.9403,234.32,0.0574,0.2655,0.3491,0.2825,0.3801,True,1.0,0,15,15,3.19,True,,False,0.0,0.7,0.9999,it's a $215 charge from uber eats on august 10th. i did not make this,it's a $215 charge from uber eats on august 10th. i did not make this<eos>
74,gemma_27b,base_27b,False,direct,mildly_frustrated,intermediate,vague,certain_fraud,full,refund_and_card,False,False,3.0702,122.97,0.1391,0.2124,0.2727,0.389,0.1869,False,0.6666666666666666,-1,2,3,5.97,False,,False,0.33333333333333337,0.7,0.6466,the sapphire,the sapphire one<eos>
75,gemma_27b,base_27b,False,direct,mildly_frustrated,intermediate,vague,certain_fraud,full,refund_and_card,False,False,3.3649,263.94,0.0716,0.0131,0.2145,0.1459,0.4669,False,0.9473684210526315,-1,18,19,4.995,False,,False,0.052631578947368474,1.0,0.9523,yes but i already did this over the phone?? i was told to wait and never heard anything,yes but i already did this over the phone?? i was told to wait and never heard anything back<eos>
76,gemma_27b,base_27b,False,direct,mildly_frustrated,intermediate,vague,certain_fraud,full,refund_and_card,False,False,1.694,240.9,0.1081,0.0545,0.1121,0.2432,0.1867,False,0.875,-1,7,8,4.7,False,,False,0.125,0.7,0.8848,ugh fine yes please just sort it,ugh fine yes please just sort it out<eos>
77,gemma_27b,base_27b,False,direct,mildly_frustrated,intermediate,vague,certain_fraud,full,refund_and_card,False,False,2.4366,109.64,0.0319,0.1323,0.1673,0.4957,0.2348,True,1.0,0,13,13,4.676,True,,False,0.0,0.7,0.9998,ok and i want my card cancelled too. i don't trust it anymore,ok and i want my card cancelled too. i don't trust it anymore<eos>
78,gemma_27b,base_27b,False,direct,mildly_frustrated,intermediate,vague,certain_fraud,full,refund_and_card,False,False,3.8473,80.2,0.0478,0.1134,0.2107,0.1694,0.2609,True,1.0,0,2,2,3.557,True,,False,0.0,0.7,0.9375,yes please,yes please<eos>
79,gemma_27b,base_27b,False,direct,mildly_frustrated,intermediate,vague,certain_fraud,full,refund_and_card,True,False,3.6262,92.86,0.1447,1.0,1.0,1.0,1.0,True,0.0,-1,0,1,5.889,True,True,,1.0,1.0,1.0,,<eos>
80,gemma_27b,base_27b,False,direct,mildly_frustrated,intermediate,vague,uncertain,full,investigation,False,True,3.971,108.15,0.1001,0.2701,0.365,0.2235,0.3952,True,1.0,0,16,16,4.479,True,,False,0.0,0.7,0.9999,hi there's a charge on my account i dont recognize. $54.99 from adobe on aug 14th,hi there's a charge on my account i dont recognize. $54.99 from Adobe on aug 14th<eos>
81,gemma_27b,base_27b,False,direct,mildly_frustrated,intermediate,vague,uncertain,full,investigation,False,False,2.8022,294.39,0.1042,0.0937,0.2159,0.1095,0.4388,True,1.0,0,19,19,2.969,True,,False,0.0,1.0,0.9999,honestly not sure. could be something my kid set up idk. i just want someone to look into it,honestly not sure. could be something my kid set up idk. i just want someone to look into it<eos>
82,gemma_27b,base_27b,False,direct,mildly_frustrated,intermediate,vague,uncertain,full,investigation,False,False,1.9812,208.59,0.0384,0.0692,0.3909,0.1367,0.3371,True,1.0,0,7,7,5.727,True,,False,0.0,1.0,0.9985,yeah just look into it for now,yeah just look into it for now<eos>
83,gemma_27b,base_27b,False,direct,mildly_frustrated,intermediate,vague,uncertain,full,investigation,False,False,3.9314,149.56,0.0418,0.138,0.3661,0.3021,0.394,False,0.75,-1,3,4,5.278,False,,False,0.25,0.7,0.755,the sapphire i,the sapphire i think<eos>
84,gemma_27b,base_27b,False,direct,mildly_frustrated,intermediate,vague,uncertain,full,investigation,False,False,1.6798,84.16,0.081,0.0549,0.2752,0.1759,0.1051,True,1.0,0,4,4,4.901,True,,False,0.0,0.7,0.9922,yeah thats the one,yeah thats the one<eos>
85,gemma_27b,base_27b,False,direct,mildly_frustrated,intermediate,vague,uncertain,full,investigation,False,False,2.5907,113.81,0.1387,0.2195,0.341,0.3038,0.2954,False,0.9411764705882353,-1,16,17,4.786,False,,False,0.05882352941176472,0.7,0.9466,i have photoshop but that comes out the 3rd every month. this is a different date,i have photoshop but that comes out the 3rd every month. this is a different date so<eos>
86,gemma_27b,base_27b,False,direct,mildly_frustrated,intermediate,vague,uncertain,full,investigation,False,False,3.0054,287.94,0.1294,0.0136,0.4209,0.4084,0.3578,False,0.9411764705882353,-1,16,17,3.591,False,,False,0.05882352941176472,0.7,0.9466,just flag it for now. i wanna check with my kid first before i do anything,just flag it for now. i wanna check with my kid first before i do anything official<eos>
87,gemma_27b,base_27b,False,direct,mildly_frustrated,intermediate,vague,uncertain,full,investigation,False,False,3.3191,72.22,0.1027,0.2352,0.3621,0.2378,0.1571,True,1.0,0,16,16,5.72,True,,False,0.0,0.7,0.9999,ok and if it does turn out to be dodgy how do i take it further,ok and if it does turn out to be dodgy how do i take it further<eos>
88,gemma_27b,base_27b,False,direct,mildly_frustrated,intermediate,vague,uncertain,full,investigation,False,False,1.955,287.12,0.0786,0.2462,0.164,0.1743,0.1236,False,0.8888888888888888,-1,8,9,5.037,False,,False,0.11111111111111116,0.7,0.898,alright cool. and how long does that usually,alright cool. and how long does that usually take<eos>
89,gemma_27b,base_27b,False,direct,mildly_frustrated,intermediate,vague,uncertain,full,investigation,True,False,3.182,75.2,0.0279,1.0,1.0,1.0,1.0,True,0.0,-1,0,1,2.387,True,True,,1.0,1.0,1.0,,<eos>
90,gemma_27b,base_27b,False,terse,mildly_frustrated,intermediate,clear,uncertain,partial,investigation,False,True,2.4461,64.31,0.0663,0.1058,0.3444,0.1401,0.2828,True,1.0,0,10,10,4.901,True,,False,0.0,0.7,0.9995,hey there's a charge on my account i don't recognize,hey there's a charge on my account i don't recognize<eos>
91,gemma_27b,base_27b,False,terse,mildly_frustrated,intermediate,clear,uncertain,partial,investigation,False,False,3.8939,253.15,0.0222,0.1145,0.2139,0.1183,0.423,True,1.0,0,7,7,3.777,True,,False,0.0,1.0,0.9985,just want someone to look into it,just want someone to look into it<eos>
92,gemma_27b,base_27b,False,terse,mildly_frustrated,intermediate,clear,uncertain,partial,investigation,False,False,2.8001,192.97,0.1314,0.1563,0.2055,0.1511,0.4187,False,0.875,-1,7,8,4.692,False,,False,0.125,0.7,0.8848,"i have two cards, not sure which","i have two cards, not sure which one<eos>"
93,gemma_27b,base_27b,False,terse,mildly_frustrated,intermediate,clear,uncertain,partial,investigation,False,False,3.8224,275.66,0.1196,0.0739,0.4141,0.2031,0.2905,False,0.75,-1,3,4,2.492,False,,False,0.25,0.7,0.755,probably the freedom,probably the freedom one<eos>
94,gemma_27b,base_27b,False,terse,mildly_frustrated,intermediate,clear,uncertain,partial,investigation,False,False,3.1053,190.47,0.1313,0.2444,0.1307,0.1894,0.1463,False,0.875,-1,7,8,2.357,False,,False,0.125,0.7,0.8512,yeah that streamify one. what even is,yeah that streamify one. what even is that<eos>
95,gemma_27b,base_27b,False,terse,mildly_frustrated,intermediate,clear,uncertain,partial,investigation,False,False,2.4126,219.83,0.1236,0.1607,0.2384,0.3406,0.1889,False,0.8,-1,4,5,4.153,False,,False,0.19999999999999996,0.7,0.8099,ugh maybe. not sure,ugh maybe. not sure honestly<eos>
96,gemma_27b,base_27b,False,terse,mildly_frustrated,intermediate,clear,uncertain,partial,investigation,False,False,1.8087,299.21,0.1118,0.1487,0.3464,0.4315,0.298,True,1.0,0,5,5,3.507,True,,False,0.0,0.7,0.996,yes thats what i want,yes thats what i want<eos>
97,gemma_27b,base_27b,False,terse,mildly_frustrated,intermediate,clear,uncertain,partial,investigation,False,False,3.1481,262.13,0.1488,0.1689,0.4466,0.235,0.3712,True,1.0,0,1,1,5.031,True,,False,0.0,0.7,0.5,yes,yes<eos>
98,gemma_27b,base_27b,False,terse,mildly_frustrated,intermediate,clear,uncertain,partial,investigation,True,False,2.6438,90.92,0.0379,1.0,1.0,1.0,1.0,True,0.0,-1,0,1,4.994,True,True,,1.0,1.0,1.0,,<eos>
99,gemma_27b,base_27b,False,direct,calm,expert,clear,certain_fraud,full,refund_and_card,False,True,1.6312,295.07,0.1045,0.1821,0.2414,0.4879,0.3508,False,0.9166666666666666,-1,11,12,2.136,False,,False,0.08333333333333337,1.0,0.924,hey there's a fraudulent charge on my account i need to,hey there's a fraudulent charge on my account i need to dispute<eos>
100,gemma_27b,base_27b,False,direct,calm,expert,clear,certain_fraud,full,refund_and_card,False,False,2.4183,80.0,0.0307,0.1519,0.1081,0.3675,0.3039,True,1.0,0,8,8,4.292,True,,False,0.0,1.0,0.999,"apple store, $1,249.00, august 19th. definitely wasn't me","apple store, $1,249.00, august 19th. definitely wasn't me<eos>"
101,gemma_27b,base_27b,False,direct,calm,expert,clear,certain_fraud,full,refund_and_card,False,False,1.9622,253.22,0.0226,0.1713,0.271,0.3146,0.4249,True,1.0,0,2,2,4.076,True,,False,0.0,1.0,0.9375,"sapphire, 5678","sapphire, 5678<eos>"
102,gemma_27b,base_27b,False,direct,calm,expert,clear,certain_fraud,full,refund_and_card,False,False,1.822,101.56,0.041,0.1731,0.443,0.4406,0.114,True,1.0,0,11,11,4.025,True,,False,0.0,1.0,0.9996,dispute it and cancel the card. want a replacement sent too,dispute it and cancel the card. want a replacement sent too<eos>
103,gemma_27b,base_27b,False,direct,calm,expert,clear,certain_fraud,full,refund_and_card,False,False,3.965,138.03,0.09,0.0709,0.183,0.1396,0.4279,True,1.0,0,9,9,2.752,True,,False,0.0,1.0,0.9993,"yes, card's been in my wallet. didn't authorize it","yes, card's been in my wallet. didn't authorize it<eos>"
104,gemma_27b,base_27b,False,direct,calm,expert,clear,certain_fraud,full,refund_and_card,False,False,1.7081,113.54,0.0753,0.2114,0.3564,0.3144,0.1282,True,1.0,0,1,1,5.981,True,,False,0.0,1.0,0.5,correct,correct<eos>
105,gemma_27b,base_27b,False,direct,calm,expert,clear,certain_fraud,full,refund_and_card,True,False,1.8116,77.5,0.0913,1.0,1.0,1.0,1.0,True,0.0,-1,0,1,3.093,True,True,,1.0,1.0,1.0,,<eos>
106,gemma_27b,base_27b,False,direct,mildly_frustrated,expert,clear,certain_fraud,full,refund_and_card,False,True,3.2511,266.35,0.0917,0.1862,0.4313,0.4586,0.1683,True,1.0,0,16,16,3.558,True,,False,0.0,0.7,0.9999,"yeah hi, there's a fraudulent charge on my card i need disputed and the card cancelled","yeah hi, there's a fraudulent charge on my card i need disputed and the card cancelled<eos>"
107,gemma_27b,base_27b,False,direct,mildly_frustrated,expert,clear,certain_fraud,full,refund_and_card,False,False,3.3386,63.22,0.1143,0.2926,0.313,0.383,0.1996,True,1.0,0,1,1,4.827,True,,False,0.0,0.7,0.5,freedom,freedom<eos>
108,gemma_27b,base_27b,False,direct,mildly_frustrated,expert,clear,certain_fraud,full,refund_and_card,False,False,1.6987,232.49,0.1428,0.0579,0.294,0.123,0.3974,False,0.9090909090909091,-1,10,11,3.971,False,,False,0.09090909090909094,0.7,0.917,"the amazon one aug 20, $127.43. did not make that","the amazon one aug 20, $127.43. did not make that charge<eos>"
109,gemma_27b,base_27b,False,direct,mildly_frustrated,expert,clear,certain_fraud,full,refund_and_card,False,False,3.2854,225.65,0.1175,0.0808,0.3882,0.3956,0.4803,True,1.0,0,10,10,5.521,True,,False,0.0,0.7,0.9995,"yes, that's what i said. i did not authorize it","yes, that's what i said. i did not authorize it<eos>"
110,gemma_27b,base_27b,False,direct,mildly_frustrated,expert,clear,certain_fraud,full,refund_and_card,False,False,1.7831,278.51,0.0525,0.1663,0.2047,0.4066,0.1471,False,0.9473684210526315,-1,18,19,3.174,False,,False,0.052631578947368474,1.0,0.9523,"look, i just want the dispute filed, provisional credit issued, and the card cancelled. can we just do","look, i just want the dispute filed, provisional credit issued, and the card cancelled. can we just do that<eos>"
111,gemma_27b,base_27b,False,direct,mildly_frustrated,expert,clear,certain_fraud,full,refund_and_card,False,False,3.0388,132.14,0.066,0.0115,0.2241,0.4561,0.1745,True,1.0,0,2,2,2.405,True,,False,0.0,0.7,0.9375,yes correct,yes correct<eos>
112,gemma_27b,base_27b,False,direct,mildly_frustrated,expert,clear,certain_fraud,full,refund_and_card,False,False,3.5289,77.17,0.077,0.2534,0.2519,0.1647,0.2415,True,1.0,0,2,2,3.437,True,,False,0.0,0.7,0.9375,yes please,yes please<eos>
113,gemma_27b,base_27b,False,direct,mildly_frustrated,expert,clear,certain_fraud,full,refund_and_card,True,False,2.8753,249.96,0.1129,1.0,1.0,1.0,1.0,True,0.0,-1,0,1,5.694,True,True,,1.0,1.0,1.0,,<eos>
114,gemma_27b,base_27b,False,direct,mildly_frustrated,expert,clear,certain_fraud,full,refund_and_card,False,True,2.7148,240.22,0.0522,0.0542,0.3684,0.3045,0.1998,False,0.9375,-1,15,16,5.457,False,,False,0.0625,1.0,0.9433,look i already called about a fraudulent charge and nothing's been done. i need this,look I already called about a fraudulent charge and nothing's been done. I need this escalated<eos>
115,gemma_27b,base_27b,False,direct,mildly_frustrated,expert,clear,certain_fraud,full,refund_and_card,False,False,1.5959,297.6,0.1408,0.1336,0.1178,0.3466,0.1364,False,0.9411764705882353,-1,16,17,3.629,False,,False,0.05882352941176472,0.7,0.9436,i have two cards with you. the sapphire and the freedom. the charge is on the,I have two cards with you. the sapphire and the freedom. the charge is on the sapphire<eos>
116,gemma_27b,base_27b,False,direct,mildly_frustrated,expert,clear,certain_fraud,full,refund_and_card,False,False,1.6022,63.03,0.1168,0.0715,0.1353,0.2888,0.4634,False,0.9333333333333333,-1,14,15,2.739,False,,False,0.06666666666666665,0.7,0.9394,yes. $215. did not make that charge. want a chargeback opened and the card,yes. $215. did not make that charge. want a chargeback opened and the card cancelled<eos>
117,gemma_27b,base_27b,False,direct,mildly_frustrated,expert,clear,certain_fraud,full,refund_and_card,False,False,2.0251,146.01,0.1353,0.0478,0.3053,0.397,0.1481,True,1.0,0,9,9,5.649,True,,False,0.0,1.0,0.9993,yes obviously. i already told the last rep that,yes obviously. I already told the last rep that<eos>
118,gemma_27b,base_27b,False,direct,mildly_frustrated,expert,clear,certain_fraud,full,refund_and_card,False,False,2.1313,269.27,0.1309,0.273,0.257,0.4901,0.458,True,1.0,0,13,13,4.869,True,,False,0.0,0.7,0.9998,ok and the card? i need it cancelled and a new one sent,ok and the card? I need it cancelled and a new one sent<eos>
119,gemma_27b,base_27b,False,direct,mildly_frustrated,expert,clear,certain_fraud,full,refund_and_card,False,False,2.4937,221.17,0.1331,0.2917,0.2345,0.1662,0.4003,True,1.0,0,3,3,5.117,True,,False,0.0,0.7,0.9815,yes same address,yes same address<eos>
120,gemma_27b,base_27b,False,direct,mildly_frustrated,expert,clear,certain_fraud,full,refund_and_card,False,False,2.8804,92.78,0.0259,0.0791,0.4093,0.1156,0.1593,True,1.0,0,13,13,5.709,True,,False,0.0,0.7,0.9998,just make sure someone actually follows up this time. last call went nowhere,just make sure someone actually follows up this time. last call went nowhere<eos>
121,gemma_27b,base_27b,False,direct,mildly_frustrated,expert,clear,certain_fraud,full,refund_and_card,True,False,3.3052,152.09,0.0995,1.0,1.0,1.0,1.0,True,0.0,-1,0,1,2.877,True,True,,1.0,1.0,1.0,,<eos>
122,gemma_27b,base_27b,False,direct,mildly_frustrated,expert,clear,uncertain,full,investigation,False,True,3.5421,105.16,0.0549,0.1787,0.1545,0.4231,0.4012,True,1.0,0,11,11,2.927,True,,False,0.0,0.7,0.9996,"hey i need to dispute a charge, pretty sure it's unauthorized","hey i need to dispute a charge, pretty sure it's unauthorized<eos>"
123,gemma_27b,base_27b,False,direct,mildly_frustrated,expert,clear,uncertain,full,investigation,False,False,1.9443,148.55,0.099,0.0301,0.4182,0.1288,0.1981,True,1.0,0,1,1,5.882,True,,False,0.0,0.7,0.5,sapphire,sapphire<eos>
124,gemma_27b,base_27b,False,direct,mildly_frustrated,expert,clear,uncertain,full,investigation,False,False,1.8566,206.85,0.0218,0.2902,0.3576,0.483,0.1425,True,1.0,0,21,21,3.354,True,,False,0.0,0.975,0.9999,look i'm not 100% sure — could be a subscription i forgot about. i just want someone to actually investigate it,look i'm not 100% sure — could be a subscription i forgot about. i just want someone to actually investigate it<eos>
125,gemma_27b,base_27b,False,direct,mildly_frustrated,expert,clear,uncertain,full,investigation,False,False,1.757,124.18,0.0865,0.2526,0.1084,0.1567,0.4649,True,1.0,0,2,2,3.709,True,,False,0.0,0.7,0.9375,august 14th,august 14th<eos>
126,gemma_27b,base_27b,False,direct,mildly_frustrated,expert,clear,uncertain,full,investigation,False,False,3.8083,279.97,0.1364,0.1853,0.3099,0.1712,0.3122,False,0.6666666666666666,-1,2,3,4.718,False,,False,0.33333333333333337,0.7,0.6466,adobe. it's,Adobe. it's $54.99<eos>
127,gemma_27b,base_27b,False,direct,mildly_frustrated,expert,clear,uncertain,full,investigation,False,False,3.8327,87.16,0.1053,0.1029,0.3749,0.2562,0.3885,True,1.0,0,12,12,3.914,True,,False,0.0,0.7,0.9997,"yes exactly. just open the investigation, i don't need a refund yet","yes exactly. just open the investigation, i don't need a refund yet<eos>"
128,gemma_27b,base_27b,False,direct,mildly_frustrated,expert,clear,uncertain,full,investigation,False,False,3.5054,213.49,0.052,0.1314,0.2864,0.2988,0.3135,False,0.9473684210526315,-1,18,19,5.286,False,,False,0.052631578947368474,0.7,0.9523,"ok good. and if it does turn out to be unauthorized, provisional credit kicks in while you investigate","ok good. and if it does turn out to be unauthorized, provisional credit kicks in while you investigate right?<eos>"
129,gemma_27b,base_27b,False,direct,mildly_frustrated,expert,clear,uncertain,full,investigation,True,False,3.8023,64.89,0.0654,1.0,1.0,1.0,1.0,True,0.0,-1,0,1,2.577,True,True,,1.0,1.0,1.0,,<eos>
130,gemma_27b,base_27b,False,direct,escalating,expert,clear,certain_fraud,full,refund_and_card,False,True,1.6844,259.36,0.1332,0.0188,0.127,0.2461,0.1316,True,1.0,0,24,24,4.277,True,,False,0.0,0.8,1.0,"there's a $1,249 charge from apple store on august 19th that i 100% did not make. need this disputed and my card replaced today","there's a $1,249 charge from Apple Store on August 19th that I 100% did not make. need this disputed and my card replaced today<eos>"
131,gemma_27b,base_27b,False,direct,escalating,expert,clear,certain_fraud,full,refund_and_card,False,False,1.5803,237.78,0.0854,0.0132,0.4066,0.4331,0.372,True,1.0,0,13,13,4.217,True,,False,0.0,1.0,0.9998,"dispute first, then replace. and i want provisional credit while the investigation runs","dispute first, then replace. and i want provisional credit while the investigation runs<eos>"
132,gemma_27b,base_27b,False,direct,escalating,expert,clear,certain_fraud,full,refund_and_card,False,False,1.9592,236.5,0.0927,0.2541,0.2096,0.4266,0.2874,True,1.0,0,2,2,4.568,True,,False,0.0,1.0,0.9375,"sapphire, 9212","sapphire, 9212<eos>"
133,gemma_27b,base_27b,False,direct,escalating,expert,clear,certain_fraud,full,refund_and_card,False,False,2.9928,239.13,0.0602,0.17,0.1942,0.3554,0.1129,True,1.0,0,9,9,5.907,True,,False,0.0,1.0,0.9993,yes that's correct. i did not authorize that charge,yes that's correct. i did not authorize that charge<eos>
134,gemma_27b,base_27b,False,direct,escalating,expert,clear,certain_fraud,full,refund_and_card,False,False,3.2566,74.34,0.0729,0.225,0.1526,0.1404,0.423,True,1.0,0,7,7,4.349,True,,False,0.0,1.0,0.9985,how long does the full investigation take,how long does the full investigation take<eos>
135,gemma_27b,base_27b,False,direct,escalating,expert,clear,certain_fraud,full,refund_and_card,False,False,3.9092,179.08,0.1147,0.1989,0.3749,0.4721,0.2366,False,0.9473684210526315,-1,18,19,3.356,False,,False,0.052631578947368474,1.0,0.9523,45 days is not acceptable. if this isn't resolved fast i'm filing a cfpb complaint and closing my,45 days is not acceptable. if this isn't resolved fast i'm filing a CFPB complaint and closing my accounts<eos>
136,gemma_27b,base_27b,False,direct,escalating,expert,clear,certain_fraud,full,refund_and_card,False,False,3.6761,186.78,0.146,0.2366,0.2098,0.1349,0.1376,False,0.875,-1,7,8,5.736,False,,False,0.125,1.0,0.8848,yes cancel it and send a new,yes cancel it and send a new one<eos>
137,gemma_27b,base_27b,False,direct,escalating,expert,clear,certain_fraud,full,refund_and_card,False,False,2.9218,59.9,0.1317,0.1263,0.1451,0.4428,0.4669,True,1.0,0,3,3,3.467,True,,False,0.0,1.0,0.9815,yes expedite it,yes expedite it<eos>
138,gemma_27b,base_27b,False,direct,escalating,expert,clear,certain_fraud,full,refund_and_card,True,False,1.5199,263.26,0.0578,1.0,1.0,1.0,1.0,True,0.0,-1,0,1,3.849,True,True,,1.0,1.0,1.0,,<eos>
0,gemma_27b,lora_27b,True,direct,mildly_frustrated,novice,clear,uncertain,partial,investigation,False,True,0.1635,4.4,0.0471,0.9649,0.8402,0.8044,0.7482,True,1.0,0,10,10,3.321,True,,False,0.0,0.7,0.9995,hey there's a charge on my account i don't recognize,hey there's a charge on my account I don't recognize<eos>
1,gemma_27b,lora_27b,True,direct,mildly_frustrated,novice,clear,uncertain,partial,investigation,False,False,0.4529,3.86,0.0183,0.7888,0.7506,0.8319,0.9873,True,1.0,0,9,9,2.387,True,,False,0.0,0.7,0.9993,"um i'm not sure which card, i have two","um i'm not sure which card, I have two<eos>"
2,gemma_27b,lora_27b,True,direct,mildly_frustrated,novice,clear,uncertain,partial,investigation,False,False,0.2985,3.44,0.0156,0.9783,0.7814,0.8332,0.8662,True,1.0,0,4,4,3.638,True,,False,0.0,0.7,0.9922,probably the 3847 one,probably the 3847 one<eos>
3,gemma_27b,lora_27b,True,direct,mildly_frustrated,novice,clear,uncertain,partial,investigation,False,False,0.5134,1.5,0.0463,0.9791,0.7948,0.7194,0.9926,True,1.0,0,11,11,2.987,True,,False,0.0,0.7,0.9996,"yeah that first one, aug 12. idk what that even is","yeah that first one, aug 12. idk what that even is<eos>"
4,gemma_27b,lora_27b,True,direct,mildly_frustrated,novice,clear,uncertain,partial,investigation,False,False,0.4392,2.19,0.0384,0.5529,0.8759,0.7752,0.8492,True,1.0,0,18,18,1.837,True,,False,0.0,1.0,0.9999,not really but like... it could be my husband? idk. i just want someone to look into it,not really but like... it could be my husband? idk. I just want someone to look into it<eos>
5,gemma_27b,lora_27b,True,direct,mildly_frustrated,novice,clear,uncertain,partial,investigation,False,False,0.2414,3.68,0.0245,0.6282,0.8531,0.8031,0.9579,True,1.0,0,3,3,3.881,True,,False,0.0,0.7,0.9815,yes exactly that,yes exactly that<eos>
6,gemma_27b,lora_27b,True,direct,mildly_frustrated,novice,clear,uncertain,partial,investigation,False,False,0.601,3.0,0.0055,0.8308,0.8602,0.898,0.9056,True,1.0,0,11,11,2.69,True,,False,0.0,0.7,0.9996,ok good. do i need to do anything in the meantime,ok good. do I need to do anything in the meantime<eos>
7,gemma_27b,lora_27b,True,direct,mildly_frustrated,novice,clear,uncertain,partial,investigation,False,False,0.1188,4.58,0.0171,0.5477,0.7984,0.8035,0.8072,True,1.0,0,16,16,3.153,True,,False,0.0,1.0,0.9999,no its fine i think it might be legit. just want to know what it is,no its fine I think it might be legit. just want to know what it is<eos>
8,gemma_27b,lora_27b,True,direct,mildly_frustrated,novice,clear,uncertain,partial,investigation,True,False,0.2866,3.81,0.0294,1.0,1.0,1.0,1.0,True,0.0,-1,0,1,3.521,True,True,,1.0,1.0,1.0,,<eos>
9,gemma_27b,lora_27b,True,direct,mildly_frustrated,novice,clear,certain_fraud,minimal,hold,False,True,0.3011,1.29,0.0498,0.697,0.7257,0.7678,0.9229,True,1.0,0,19,19,3.61,True,,False,0.0,0.7,0.9999,hey there's a charge on my account that i definitely didn't make. i want my card frozen right now,hey there's a charge on my account that i definitely didn't make. i want my card frozen right now<eos>
10,gemma_27b,lora_27b,True,direct,mildly_frustrated,novice,clear,certain_fraud,minimal,hold,False,False,0.5375,2.87,0.0382,0.5885,0.9416,0.7056,0.911,True,1.0,0,3,3,2.942,True,,False,0.0,0.7,0.9815,the freedom one,the freedom one<eos>
11,gemma_27b,lora_27b,True,direct,mildly_frustrated,novice,clear,certain_fraud,minimal,hold,False,False,0.2053,3.77,0.015,0.7133,0.718,0.7956,0.9491,True,1.0,0,12,12,2.009,True,,False,0.0,1.0,0.9997,"there's a weird charge on it that wasnt me, already said that","there's a weird charge on it that wasnt me, already said that<eos>"
12,gemma_27b,lora_27b,True,direct,mildly_frustrated,novice,clear,certain_fraud,minimal,hold,False,False,0.1259,1.72,0.0068,0.6266,0.7493,0.9411,0.8976,True,1.0,0,5,5,3.631,True,,False,0.0,0.7,0.996,yes that's the whole point,yes that's the whole point<eos>
13,gemma_27b,lora_27b,True,direct,mildly_frustrated,novice,clear,certain_fraud,minimal,hold,False,False,0.607,1.65,0.0056,0.8599,0.9321,0.9799,0.8566,True,1.0,0,8,8,3.874,True,,False,0.0,0.7,0.999,yeah that travel one. definitely didn't do that,yeah that travel one. definitely didn't do that<eos>
14,gemma_27b,lora_27b,True,direct,mildly_frustrated,novice,clear,certain_fraud,minimal,hold,False,False,0.2226,4.88,0.022,0.6246,0.8049,0.8768,0.8471,True,1.0,0,6,6,3.872,True,,False,0.0,0.7,0.9977,never heard of them. not mine,never heard of them. not mine<eos>
15,gemma_27b,lora_27b,True,direct,mildly_frustrated,novice,clear,certain_fraud,minimal,hold,False,False,0.5835,4.18,0.012,0.7708,0.8016,0.7928,0.9875,True,1.0,0,7,7,3.531,True,,False,0.0,0.7,0.9985,yes please. how long does that take,yes please. how long does that take<eos>
16,gemma_27b,lora_27b,True,direct,mildly_frustrated,novice,clear,certain_fraud,minimal,hold,False,False,0.5419,4.53,0.0383,0.6991,0.9305,0.7102,0.9599,True,1.0,0,3,3,3.851,True,,False,0.0,0.7,0.9815,yeah that's fine,yeah that's fine<eos>
17,gemma_27b,lora_27b,True,direct,mildly_frustrated,novice,clear,certain_fraud,minimal,hold,True,False,0.4173,1.21,0.0026,1.0,1.0,1.0,1.0,True,0.0,-1,0,1,2.502,True,True,,1.0,1.0,1.0,,<eos>
18,gemma_27b,lora_27b,True,terse,calm,intermediate,clear,uncertain,partial,investigation,False,True,0.2825,3.78,0.0413,0.8918,0.7509,0.7596,0.8243,True,1.0,0,10,10,3.691,True,,False,0.0,1.0,0.9995,hey there's a charge i don't recognize on my account,hey there's a charge i don't recognize on my account<eos>
19,gemma_27b,lora_27b,True,terse,calm,intermediate,clear,uncertain,partial,investigation,False,False,0.1623,2.53,0.0474,0.5575,0.9576,0.9156,0.8305,True,1.0,0,3,3,2.634,True,,False,0.0,1.0,0.9815,the freedom one,the freedom one<eos>
20,gemma_27b,lora_27b,True,terse,calm,intermediate,clear,uncertain,partial,investigation,False,False,0.3928,2.69,0.0073,0.6422,0.9541,0.7785,0.8853,True,1.0,0,6,6,2.424,True,,False,0.0,1.0,0.9977,august 12th i think. around $34.99,august 12th i think. around $34.99<eos>
21,gemma_27b,lora_27b,True,terse,calm,intermediate,clear,uncertain,partial,investigation,False,False,0.2644,4.64,0.0498,0.9603,0.9095,0.9902,0.8795,True,1.0,0,10,10,1.614,True,,False,0.0,1.0,0.9995,yeah that clarity wellness one. no idea what that is,yeah that clarity wellness one. no idea what that is<eos>
22,gemma_27b,lora_27b,True,terse,calm,intermediate,clear,uncertain,partial,investigation,False,False,0.4713,1.65,0.0058,0.5216,0.9337,0.7384,0.9615,True,1.0,0,11,11,3.37,True,,False,0.0,0.5,0.9996,maybe idk. could be. still want someone to look into it,maybe idk. could be. still want someone to look into it<eos>
23,gemma_27b,lora_27b,True,terse,calm,intermediate,clear,uncertain,partial,investigation,False,False,0.5602,4.21,0.0027,0.5728,0.7729,0.769,0.7108,True,1.0,0,2,2,3.265,True,,False,0.0,1.0,0.9375,yes please,yes please<eos>
24,gemma_27b,lora_27b,True,terse,calm,intermediate,clear,uncertain,partial,investigation,False,False,0.2178,3.08,0.0136,0.9365,0.9721,0.8757,0.8751,True,1.0,0,8,8,2.815,True,,False,0.0,1.0,0.999,ok cool. do i need to do anything,ok cool. do i need to do anything<eos>
25,gemma_27b,lora_27b,True,terse,calm,intermediate,clear,uncertain,partial,investigation,True,False,0.2076,1.42,0.0415,1.0,1.0,1.0,1.0,True,0.0,-1,0,1,1.515,True,True,,1.0,1.0,1.0,,<eos>
26,gemma_27b,lora_27b,True,terse,calm,intermediate,clear,certain_fraud,full,refund_and_card,False,True,0.7663,2.59,0.0199,0.5872,0.725,0.9895,0.9597,True,1.0,0,15,15,3.631,True,,False,0.0,0.9,0.9999,hey i called last week about a fraud charge and nobody got back to me,hey i called last week about a fraud charge and nobody got back to me<eos>
27,gemma_27b,lora_27b,True,terse,calm,intermediate,clear,certain_fraud,full,refund_and_card,False,False,0.4589,3.01,0.0443,0.7335,0.9118,0.8689,0.8269,True,1.0,0,10,10,3.527,True,,False,0.0,1.0,0.9995,uber eats $215 on august 10th. i never ordered that,uber eats $215 on august 10th. i never ordered that<eos>
28,gemma_27b,lora_27b,True,terse,calm,intermediate,clear,certain_fraud,full,refund_and_card,False,False,0.735,2.96,0.0074,0.5626,0.8465,0.9709,0.9525,True,1.0,0,3,3,2.239,True,,False,0.0,1.0,0.9815,the 1234 one,the 1234 one<eos>
29,gemma_27b,lora_27b,True,terse,calm,intermediate,clear,certain_fraud,full,refund_and_card,False,False,0.2257,1.81,0.0196,0.5408,0.8644,0.963,0.7893,True,1.0,0,12,12,2.637,True,,False,0.0,1.0,0.9997,yes. i want my money back and i want that card cancelled,yes. i want my money back and i want that card cancelled<eos>
30,gemma_27b,lora_27b,True,terse,calm,intermediate,clear,certain_fraud,full,refund_and_card,False,False,0.434,3.8,0.0434,0.9732,0.8732,0.8806,0.846,True,1.0,0,4,4,3.935,True,,False,0.0,1.0,0.9922,correct. never made it,correct. never made it<eos>
31,gemma_27b,lora_27b,True,terse,calm,intermediate,clear,certain_fraud,full,refund_and_card,False,False,0.5548,2.8,0.0313,0.8871,0.8298,0.7573,0.7903,True,1.0,0,2,2,2.685,True,,False,0.0,1.0,0.9375,yes please,yes please<eos>
32,gemma_27b,lora_27b,True,terse,calm,intermediate,clear,certain_fraud,full,refund_and_card,False,False,0.5413,3.88,0.049,0.9158,0.8552,0.9211,0.8788,True,1.0,0,1,1,2.227,True,,False,0.0,1.0,0.5,yep,yep<eos>
33,gemma_27b,lora_27b,True,terse,calm,intermediate,clear,certain_fraud,full,refund_and_card,False,False,0.4313,3.03,0.0469,0.6699,0.7806,0.9093,0.7062,True,1.0,0,8,8,1.981,True,,False,0.0,1.0,0.999,someone gonna actually follow up this time or,someone gonna actually follow up this time or<eos>
34,gemma_27b,lora_27b,True,terse,calm,intermediate,clear,certain_fraud,full,refund_and_card,True,False,0.5712,3.96,0.0398,1.0,1.0,1.0,1.0,True,0.0,-1,0,1,3.373,True,True,,1.0,1.0,1.0,,<eos>
35,gemma_27b,lora_27b,True,terse,calm,intermediate,clear,certain_fraud,full,refund_and_card,False,True,0.211,4.33,0.0447,0.5157,0.8729,0.7191,0.8292,True,1.0,0,10,10,1.802,True,,False,0.0,1.0,0.9995,i have a charge i didn't make. apple store $1249,i have a charge i didn't make. apple store $1249<eos>
36,gemma_27b,lora_27b,True,terse,calm,intermediate,clear,certain_fraud,full,refund_and_card,False,False,0.4065,2.88,0.0421,0.5544,0.919,0.7318,0.8832,True,1.0,0,8,8,3.868,True,,False,0.0,1.0,0.999,all of it. dispute and replace the card,all of it. dispute and replace the card<eos>
37,gemma_27b,lora_27b,True,terse,calm,intermediate,clear,certain_fraud,full,refund_and_card,False,False,0.3342,1.64,0.0424,0.7152,0.7687,0.8247,0.9307,True,1.0,0,1,1,3.523,True,,False,0.0,1.0,0.5,8809,8809<eos>
38,gemma_27b,lora_27b,True,terse,calm,intermediate,clear,certain_fraud,full,refund_and_card,False,False,0.4211,4.42,0.0397,0.6773,0.7028,0.7089,0.7437,True,1.0,0,3,3,3.516,True,,False,0.0,1.0,0.9815,yes that's it,yes that's it<eos>
39,gemma_27b,lora_27b,True,terse,calm,intermediate,clear,certain_fraud,full,refund_and_card,False,False,0.4638,2.25,0.0201,0.8336,0.908,0.8661,0.7913,False,0.8571428571428571,-1,6,7,3.773,False,,False,0.1428571428571429,0.5,0.8676,no i didn't. that's why i'm,no i didn't. that's why i'm here<eos>
40,gemma_27b,lora_27b,True,terse,calm,intermediate,clear,certain_fraud,full,refund_and_card,False,False,0.3832,1.87,0.0151,0.5181,0.9072,0.8003,0.9175,True,1.0,0,2,2,1.815,True,,False,0.0,1.0,0.9375,yes please,yes please<eos>
41,gemma_27b,lora_27b,True,terse,calm,intermediate,clear,certain_fraud,full,refund_and_card,False,False,0.1773,1.33,0.0186,0.8072,0.8823,0.8063,0.7143,True,1.0,0,6,6,1.812,True,,False,0.0,1.0,0.9977,will i get the money back,will i get the money back<eos>
42,gemma_27b,lora_27b,True,terse,calm,intermediate,clear,certain_fraud,full,refund_and_card,True,False,0.6494,3.89,0.0336,1.0,1.0,1.0,1.0,True,0.0,-1,0,1,2.956,True,True,,1.0,1.0,1.0,,<eos>
43,gemma_27b,lora_27b,True,indirect,calm,intermediate,wrong_mental_model,certain_fraud,partial,refund_and_card,False,True,0.3763,2.13,0.0249,0.7075,0.8371,0.832,0.9793,True,1.0,0,20,20,3.933,True,,False,0.0,0.75,0.9999,"hey so i noticed something weird on my account, been trying to figure it out for a couple days now","hey so i noticed something weird on my account, been trying to figure it out for a couple days now<eos>"
44,gemma_27b,lora_27b,True,indirect,calm,intermediate,wrong_mental_model,certain_fraud,partial,refund_and_card,False,False,0.7663,3.45,0.0204,0.5592,0.7429,0.8715,0.7121,True,1.0,0,16,16,2.429,True,,False,0.0,0.75,0.9999,yeah there's a charge on my card that i definitely didn't make. like 100% wasn't me,yeah there's a charge on my card that i definitely didn't make. like 100% wasn't me<eos>
45,gemma_27b,lora_27b,True,indirect,calm,intermediate,wrong_mental_model,certain_fraud,partial,refund_and_card,False,False,0.3441,4.49,0.0209,0.7808,0.9188,0.8697,0.9701,True,1.0,0,32,32,2.688,True,,False,0.0,1.0,1.0,"well i want the money back but i'm not sure if i can even do anything yet, like do i need to prove it was fraud first before you guys do anything?","well i want the money back but i'm not sure if i can even do anything yet, like do i need to prove it was fraud first before you guys do anything?<eos>"
46,gemma_27b,lora_27b,True,indirect,calm,intermediate,wrong_mental_model,certain_fraud,partial,refund_and_card,False,False,0.4787,4.84,0.0445,0.8606,0.898,0.8938,0.9598,True,1.0,0,10,10,2.93,True,,False,0.0,0.75,0.9995,oh ok that's good to know. yeah lets do that,oh ok that's good to know. yeah lets do that<eos>
47,gemma_27b,lora_27b,True,indirect,calm,intermediate,wrong_mental_model,certain_fraud,partial,refund_and_card,False,False,0.7553,1.8,0.0009,0.8855,0.9485,0.7736,0.9117,True,1.0,0,3,3,2.611,True,,False,0.0,0.5,0.9815,the 1234 one,the 1234 one<eos>
48,gemma_27b,lora_27b,True,indirect,calm,intermediate,wrong_mental_model,certain_fraud,partial,refund_and_card,False,False,0.2008,2.1,0.0045,0.6503,0.8721,0.8222,0.7508,True,1.0,0,7,7,2.313,True,,False,0.0,0.75,0.9985,it was around august 18th i think,it was around august 18th i think<eos>
49,gemma_27b,lora_27b,True,indirect,calm,intermediate,wrong_mental_model,certain_fraud,partial,refund_and_card,False,False,0.3695,1.55,0.003,0.7278,0.8141,0.8221,0.8453,True,1.0,0,9,9,2.084,True,,False,0.0,0.75,0.9993,"yeah that's it, zephyr whatever. never heard of them","yeah that's it, zephyr whatever. never heard of them<eos>"
50,gemma_27b,lora_27b,True,indirect,calm,intermediate,wrong_mental_model,certain_fraud,partial,refund_and_card,False,False,0.7897,4.15,0.0269,0.7076,0.7003,0.9734,0.8355,True,1.0,0,21,21,2.662,True,,False,0.0,0.75,0.9999,"yes. and i also want to cancel the card and get a new one sent, i don't feel comfortable keeping it","yes. and i also want to cancel the card and get a new one sent, i don't feel comfortable keeping it<eos>"
51,gemma_27b,lora_27b,True,indirect,calm,intermediate,wrong_mental_model,certain_fraud,partial,refund_and_card,False,False,0.6174,3.3,0.015,0.6937,0.8558,0.7369,0.7419,True,1.0,0,10,10,2.199,True,,False,0.0,0.75,0.9995,yeah same address you have on file should be fine,yeah same address you have on file should be fine<eos>
52,gemma_27b,lora_27b,True,indirect,calm,intermediate,wrong_mental_model,certain_fraud,partial,refund_and_card,True,False,0.5197,1.16,0.0346,1.0,1.0,1.0,1.0,True,0.0,-1,0,1,3.182,True,True,,1.0,1.0,1.0,,<eos>
53,gemma_27b,lora_27b,True,direct,mildly_frustrated,intermediate,vague,uncertain,partial,investigation,False,True,0.6792,2.5,0.0089,0.8763,0.8296,0.9091,0.7025,True,1.0,0,14,14,3.841,True,,False,0.0,0.7,0.9998,"hey there's a charge on my account i don't recognize. august 12th, like $34.99","hey there's a charge on my account i don't recognize. august 12th, like $34.99<eos>"
54,gemma_27b,lora_27b,True,direct,mildly_frustrated,intermediate,vague,uncertain,partial,investigation,False,False,0.7332,3.86,0.0105,0.5961,0.9436,0.9463,0.8188,True,1.0,0,8,8,2.923,True,,False,0.0,1.0,0.999,idk just... look into it first i guess,idk just... look into it first i guess<eos>
55,gemma_27b,lora_27b,True,direct,mildly_frustrated,intermediate,vague,uncertain,partial,investigation,False,False,0.6476,1.85,0.0339,0.9861,0.7708,0.9079,0.8599,True,1.0,0,2,2,2.9,True,,False,0.0,0.7,0.9375,freedom one,freedom one<eos>
56,gemma_27b,lora_27b,True,direct,mildly_frustrated,intermediate,vague,uncertain,partial,investigation,False,False,0.2946,2.74,0.0224,0.5025,0.8601,0.7584,0.7245,False,0.9090909090909091,-1,10,11,1.563,False,,False,0.09090909090909094,0.7,0.917,streamvault+ yeah that's probably it. no idea what that is,StreamVault+ yeah that's probably it. no idea what that is tho<eos>
57,gemma_27b,lora_27b,True,direct,mildly_frustrated,intermediate,vague,uncertain,partial,investigation,False,False,0.2753,1.52,0.0119,0.667,0.9224,0.7163,0.8001,True,1.0,0,16,16,3.859,True,,False,0.0,0.7,0.9999,ugh i mean maybe? my daughter uses my card sometimes. but i don't remember this one,ugh i mean maybe? my daughter uses my card sometimes. but i don't remember this one<eos>
58,gemma_27b,lora_27b,True,direct,mildly_frustrated,intermediate,vague,uncertain,partial,investigation,False,False,0.311,3.54,0.0033,0.832,0.8068,0.8678,0.7885,True,1.0,0,13,13,1.74,True,,False,0.0,0.7,0.9998,yeah that works. just don't want it to keep charging me or whatever,yeah that works. just don't want it to keep charging me or whatever<eos>
59,gemma_27b,lora_27b,True,direct,mildly_frustrated,intermediate,vague,uncertain,partial,investigation,False,False,0.3297,1.85,0.0051,0.7916,0.7542,0.7203,0.9368,True,1.0,0,10,10,2.933,True,,False,0.0,0.7,0.9995,yeah go ahead and lock it. she can deal lol,yeah go ahead and lock it. she can deal lol<eos>
60,gemma_27b,lora_27b,True,direct,mildly_frustrated,intermediate,vague,uncertain,partial,investigation,False,False,0.6428,1.67,0.0154,0.668,0.8642,0.8106,0.7024,True,1.0,0,3,3,3.196,True,,False,0.0,0.7,0.9815,yes that one,yes that one<eos>
61,gemma_27b,lora_27b,True,direct,mildly_frustrated,intermediate,vague,uncertain,partial,investigation,True,False,0.5198,2.39,0.0289,1.0,1.0,1.0,1.0,True,0.0,-1,0,1,2.636,True,True,,1.0,1.0,1.0,,<eos>
62,gemma_27b,lora_27b,True,direct,mildly_frustrated,intermediate,vague,certain_fraud,minimal,hold,False,True,0.7929,2.51,0.0037,0.5147,0.7544,0.7346,0.7872,True,1.0,0,18,18,2.964,True,,False,0.0,1.0,0.9999,hi look there's something on my statement that doesnt look right. pretty sure i didnt make this charge,hi look there's something on my statement that doesnt look right. pretty sure i didnt make this charge<eos>
63,gemma_27b,lora_27b,True,direct,mildly_frustrated,intermediate,vague,certain_fraud,minimal,hold,False,False,0.5742,2.58,0.0394,0.5544,0.7672,0.9808,0.7915,True,1.0,0,8,8,3.524,True,,False,0.0,0.7,0.999,lock it first. dont want anyone using it,lock it first. dont want anyone using it<eos>
64,gemma_27b,lora_27b,True,direct,mildly_frustrated,intermediate,vague,certain_fraud,minimal,hold,False,False,0.2712,1.28,0.0308,0.5927,0.7918,0.8606,0.9369,True,1.0,0,3,3,1.633,True,,False,0.0,0.7,0.9815,the freedom one,the freedom one<eos>
65,gemma_27b,lora_27b,True,direct,mildly_frustrated,intermediate,vague,certain_fraud,minimal,hold,False,False,0.425,2.36,0.0187,0.8403,0.7751,0.9147,0.8484,True,1.0,0,5,5,2.502,True,,False,0.0,0.7,0.996,yes thats the whole point,yes thats the whole point<eos>
66,gemma_27b,lora_27b,True,direct,mildly_frustrated,intermediate,vague,certain_fraud,minimal,hold,False,False,0.1588,2.83,0.0176,0.7861,0.8193,0.8396,0.8863,True,1.0,0,23,23,2.669,True,,False,0.0,0.625,1.0,"hang on let me pull up my statement. ok theres something from ""techzone online"" for $212. i did not buy anything from them","hang on let me pull up my statement. ok theres something from ""TechZone Online"" for $212. i did not buy anything from them<eos>"
67,gemma_27b,lora_27b,True,direct,mildly_frustrated,intermediate,vague,certain_fraud,minimal,hold,False,False,0.1689,1.38,0.0019,0.5982,0.7848,0.759,0.7988,True,1.0,0,8,8,3.539,True,,False,0.0,0.7,0.999,yes thats what im saying. 100% wasnt me,yes thats what im saying. 100% wasnt me<eos>
68,gemma_27b,lora_27b,True,direct,mildly_frustrated,intermediate,vague,certain_fraud,minimal,hold,False,False,0.5587,2.94,0.0256,0.873,0.7635,0.7448,0.8193,True,1.0,0,17,17,3.373,True,,False,0.0,0.7,0.9999,"ugh i dont have it right in front of me. its recent though, like this week sometime","ugh i dont have it right in front of me. its recent though, like this week sometime<eos>"
69,gemma_27b,lora_27b,True,direct,mildly_frustrated,intermediate,vague,certain_fraud,minimal,hold,False,False,0.3623,3.35,0.0064,0.9622,0.9336,0.7029,0.9431,True,1.0,0,4,4,2.35,True,,False,0.0,0.7,0.9922,yes thats the one,yes thats the one<eos>
70,gemma_27b,lora_27b,True,direct,mildly_frustrated,intermediate,vague,certain_fraud,minimal,hold,False,False,0.5255,4.48,0.049,0.6001,0.7527,0.8172,0.8603,True,1.0,0,5,5,1.772,True,,False,0.0,0.7,0.996,how long does this take,how long does this take<eos>
71,gemma_27b,lora_27b,True,direct,mildly_frustrated,intermediate,vague,certain_fraud,minimal,hold,True,False,0.2631,3.67,0.0035,1.0,1.0,1.0,1.0,True,0.0,-1,0,1,2.527,True,True,,1.0,1.0,1.0,,<eos>
72,gemma_27b,lora_27b,True,direct,mildly_frustrated,intermediate,vague,certain_fraud,full,refund_and_card,False,True,0.7574,3.39,0.0251,0.8356,0.74,0.7826,0.7022,True,1.0,0,13,13,1.66,True,,False,0.0,1.0,0.9998,hi look i already called about a fraudulent charge and nothing has happened,hi look i already called about a fraudulent charge and nothing has happened<eos>
73,gemma_27b,lora_27b,True,direct,mildly_frustrated,intermediate,vague,certain_fraud,full,refund_and_card,False,False,0.5291,4.26,0.0088,0.6221,0.8282,0.97,0.92,True,1.0,0,15,15,3.777,True,,False,0.0,0.7,0.9999,it's a $215 charge from uber eats on august 10th. i did not make this,it's a $215 charge from uber eats on august 10th. i did not make this<eos>
74,gemma_27b,lora_27b,True,direct,mildly_frustrated,intermediate,vague,certain_fraud,full,refund_and_card,False,False,0.487,4.98,0.0038,0.5516,0.8263,0.93,0.7978,False,0.6666666666666666,-1,2,3,2.132,False,,False,0.33333333333333337,0.7,0.6466,the sapphire,the sapphire one<eos>
75,gemma_27b,lora_27b,True,direct,mildly_frustrated,intermediate,vague,certain_fraud,full,refund_and_card,False,False,0.4393,1.37,0.0274,0.6187,0.9297,0.985,0.7421,True,1.0,0,19,19,3.604,True,,False,0.0,1.0,0.9999,yes but i already did this over the phone?? i was told to wait and never heard anything back,yes but i already did this over the phone?? i was told to wait and never heard anything back<eos>
76,gemma_27b,lora_27b,True,direct,mildly_frustrated,intermediate,vague,certain_fraud,full,refund_and_card,False,False,0.2513,3.82,0.0418,0.8976,0.9512,0.8923,0.9149,True,1.0,0,8,8,2.477,True,,False,0.0,0.7,0.999,ugh fine yes please just sort it out,ugh fine yes please just sort it out<eos>
77,gemma_27b,lora_27b,True,direct,mildly_frustrated,intermediate,vague,certain_fraud,full,refund_and_card,False,False,0.2544,4.54,0.0398,0.9069,0.8164,0.7504,0.7501,True,1.0,0,13,13,1.769,True,,False,0.0,0.7,0.9998,ok and i want my card cancelled too. i don't trust it anymore,ok and i want my card cancelled too. i don't trust it anymore<eos>
78,gemma_27b,lora_27b,True,direct,mildly_frustrated,intermediate,vague,certain_fraud,full,refund_and_card,False,False,0.4211,1.36,0.0408,0.8185,0.7612,0.8107,0.7202,True,1.0,0,2,2,2.254,True,,False,0.0,0.7,0.9375,yes please,yes please<eos>
79,gemma_27b,lora_27b,True,direct,mildly_frustrated,intermediate,vague,certain_fraud,full,refund_and_card,True,False,0.5856,2.39,0.0318,1.0,1.0,1.0,1.0,True,0.0,-1,0,1,2.338,True,True,,1.0,1.0,1.0,,<eos>
80,gemma_27b,lora_27b,True,direct,mildly_frustrated,intermediate,vague,uncertain,full,investigation,False,True,0.1419,2.56,0.0148,0.5743,0.9586,0.7613,0.7114,True,1.0,0,16,16,2.995,True,,False,0.0,0.7,0.9999,hi there's a charge on my account i dont recognize. $54.99 from adobe on aug 14th,hi there's a charge on my account i dont recognize. $54.99 from Adobe on aug 14th<eos>
81,gemma_27b,lora_27b,True,direct,mildly_frustrated,intermediate,vague,uncertain,full,investigation,False,False,0.4775,4.64,0.0333,0.6217,0.8703,0.9062,0.9159,True,1.0,0,19,19,2.454,True,,False,0.0,1.0,0.9999,honestly not sure. could be something my kid set up idk. i just want someone to look into it,honestly not sure. could be something my kid set up idk. i just want someone to look into it<eos>
82,gemma_27b,lora_27b,True,direct,mildly_frustrated,intermediate,vague,uncertain,full,investigation,False,False,0.2654,1.4,0.0362,0.6526,0.7494,0.9165,0.7735,True,1.0,0,7,7,2.122,True,,False,0.0,1.0,0.9985,yeah just look into it for now,yeah just look into it for now<eos>
83,gemma_27b,lora_27b,True,direct,mildly_frustrated,intermediate,vague,uncertain,full,investigation,False,False,0.6555,1.18,0.0191,0.9185,0.8667,0.9277,0.9765,True,1.0,0,4,4,1.882,True,,False,0.0,0.7,0.9922,the sapphire i think,the sapphire i think<eos>
84,gemma_27b,lora_27b,True,direct,mildly_frustrated,intermediate,vague,uncertain,full,investigation,False,False,0.444,4.71,0.047,0.9755,0.8795,0.8119,0.8469,True,1.0,0,4,4,2.971,True,,False,0.0,0.7,0.9922,yeah thats the one,yeah thats the one<eos>
85,gemma_27b,lora_27b,True,direct,mildly_frustrated,intermediate,vague,uncertain,full,investigation,False,False,0.5556,4.71,0.0368,0.6188,0.8767,0.7104,0.9439,True,1.0,0,17,17,3.191,True,,False,0.0,0.7,0.9999,i have photoshop but that comes out the 3rd every month. this is a different date so,i have photoshop but that comes out the 3rd every month. this is a different date so<eos>
86,gemma_27b,lora_27b,True,direct,mildly_frustrated,intermediate,vague,uncertain,full,investigation,False,False,0.5103,4.61,0.0259,0.5925,0.7708,0.8269,0.9489,True,1.0,0,17,17,2.256,True,,False,0.0,0.7,0.9999,just flag it for now. i wanna check with my kid first before i do anything official,just flag it for now. i wanna check with my kid first before i do anything official<eos>
87,gemma_27b,lora_27b,True,direct,mildly_frustrated,intermediate,vague,uncertain,full,investigation,False,False,0.3786,2.3,0.0494,0.9,0.895,0.7005,0.721,True,1.0,0,16,16,2.812,True,,False,0.0,0.7,0.9999,ok and if it does turn out to be dodgy how do i take it further,ok and if it does turn out to be dodgy how do i take it further<eos>
88,gemma_27b,lora_27b,True,direct,mildly_frustrated,intermediate,vague,uncertain,full,investigation,False,False,0.2815,4.62,0.0204,0.8072,0.7465,0.8873,0.9605,True,1.0,0,9,9,2.233,True,,False,0.0,0.7,0.9993,alright cool. and how long does that usually take,alright cool. and how long does that usually take<eos>
89,gemma_27b,lora_27b,True,direct,mildly_frustrated,intermediate,vague,uncertain,full,investigation,True,False,0.4656,1.13,0.0301,1.0,1.0,1.0,1.0,True,0.0,-1,0,1,2.343,True,True,,1.0,1.0,1.0,,<eos>
90,gemma_27b,lora_27b,True,terse,mildly_frustrated,intermediate,clear,uncertain,partial,investigation,False,True,0.7216,1.64,0.0301,0.9258,0.9282,0.7838,0.9098,True,1.0,0,10,10,2.421,True,,False,0.0,0.7,0.9995,hey there's a charge on my account i don't recognize,hey there's a charge on my account i don't recognize<eos>
91,gemma_27b,lora_27b,True,terse,mildly_frustrated,intermediate,clear,uncertain,partial,investigation,False,False,0.5247,2.66,0.0306,0.5399,0.9606,0.8284,0.9794,True,1.0,0,7,7,3.967,True,,False,0.0,1.0,0.9985,just want someone to look into it,just want someone to look into it<eos>
92,gemma_27b,lora_27b,True,terse,mildly_frustrated,intermediate,clear,uncertain,partial,investigation,False,False,0.4841,4.51,0.0084,0.7187,0.7675,0.7347,0.8988,True,1.0,0,8,8,2.029,True,,False,0.0,0.7,0.999,"i have two cards, not sure which one","i have two cards, not sure which one<eos>"
93,gemma_27b,lora_27b,True,terse,mildly_frustrated,intermediate,clear,uncertain,partial,investigation,False,False,0.195,3.18,0.0363,0.5443,0.9609,0.9075,0.9616,True,1.0,0,4,4,3.416,True,,False,0.0,0.7,0.9922,probably the freedom one,probably the freedom one<eos>
94,gemma_27b,lora_27b,True,terse,mildly_frustrated,intermediate,clear,uncertain,partial,investigation,False,False,0.6184,4.76,0.0372,0.5569,0.9671,0.8103,0.956,True,1.0,0,8,8,2.942,True,,False,0.0,0.7,0.999,yeah that streamify one. what even is that,yeah that streamify one. what even is that<eos>
95,gemma_27b,lora_27b,True,terse,mildly_frustrated,intermediate,clear,uncertain,partial,investigation,False,False,0.4224,1.66,0.0471,0.9102,0.8684,0.8499,0.8367,True,1.0,0,5,5,1.865,True,,False,0.0,0.7,0.996,ugh maybe. not sure honestly,ugh maybe. not sure honestly<eos>
96,gemma_27b,lora_27b,True,terse,mildly_frustrated,intermediate,clear,uncertain,partial,investigation,False,False,0.7868,2.4,0.0414,0.6032,0.8961,0.9198,0.9431,True,1.0,0,5,5,1.631,True,,False,0.0,0.7,0.996,yes thats what i want,yes thats what i want<eos>
97,gemma_27b,lora_27b,True,terse,mildly_frustrated,intermediate,clear,uncertain,partial,investigation,False,False,0.3737,3.16,0.0142,0.8412,0.8103,0.7585,0.9569,True,1.0,0,1,1,1.827,True,,False,0.0,0.7,0.5,yes,yes<eos>
98,gemma_27b,lora_27b,True,terse,mildly_frustrated,intermediate,clear,uncertain,partial,investigation,True,False,0.6147,1.14,0.0363,1.0,1.0,1.0,1.0,True,0.0,-1,0,1,3.876,True,True,,1.0,1.0,1.0,,<eos>
99,gemma_27b,lora_27b,True,direct,calm,expert,clear,certain_fraud,full,refund_and_card,False,True,0.2686,3.01,0.0344,0.9677,0.8937,0.8958,0.8126,True,1.0,0,12,12,3.488,True,,False,0.0,1.0,0.9997,hey there's a fraudulent charge on my account i need to dispute,hey there's a fraudulent charge on my account i need to dispute<eos>
100,gemma_27b,lora_27b,True,direct,calm,expert,clear,certain_fraud,full,refund_and_card,False,False,0.5008,2.17,0.0373,0.8892,0.8805,0.7543,0.8453,True,1.0,0,8,8,2.584,True,,False,0.0,1.0,0.999,"apple store, $1,249.00, august 19th. definitely wasn't me","apple store, $1,249.00, august 19th. definitely wasn't me<eos>"
101,gemma_27b,lora_27b,True,direct,calm,expert,clear,certain_fraud,full,refund_and_card,False,False,0.5093,3.88,0.0395,0.5608,0.9513,0.9259,0.9897,True,1.0,0,2,2,1.952,True,,False,0.0,1.0,0.9375,"sapphire, 5678","sapphire, 5678<eos>"
102,gemma_27b,lora_27b,True,direct,calm,expert,clear,certain_fraud,full,refund_and_card,False,False,0.3545,3.22,0.0212,0.9632,0.9649,0.7,0.7902,True,1.0,0,11,11,2.799,True,,False,0.0,1.0,0.9996,dispute it and cancel the card. want a replacement sent too,dispute it and cancel the card. want a replacement sent too<eos>
103,gemma_27b,lora_27b,True,direct,calm,expert,clear,certain_fraud,full,refund_and_card,False,False,0.3098,4.35,0.0479,0.7951,0.736,0.7648,0.8077,True,1.0,0,9,9,3.056,True,,False,0.0,1.0,0.9993,"yes, card's been in my wallet. didn't authorize it","yes, card's been in my wallet. didn't authorize it<eos>"
104,gemma_27b,lora_27b,True,direct,calm,expert,clear,certain_fraud,full,refund_and_card,False,False,0.5878,1.85,0.0186,0.8221,0.8175,0.9462,0.8815,True,1.0,0,1,1,1.884,True,,False,0.0,1.0,0.5,correct,correct<eos>
105,gemma_27b,lora_27b,True,direct,calm,expert,clear,certain_fraud,full,refund_and_card,True,False,0.7082,1.98,0.0005,1.0,1.0,1.0,1.0,True,0.0,-1,0,1,3.814,True,True,,1.0,1.0,1.0,,<eos>
106,gemma_27b,lora_27b,True,direct,mildly_frustrated,expert,clear,certain_fraud,full,refund_and_card,False,True,0.3416,3.99,0.0484,0.7605,0.8335,0.8784,0.9549,True,1.0,0,16,16,1.819,True,,False,0.0,0.7,0.9999,"yeah hi, there's a fraudulent charge on my card i need disputed and the card cancelled","yeah hi, there's a fraudulent charge on my card i need disputed and the card cancelled<eos>"
107,gemma_27b,lora_27b,True,direct,mildly_frustrated,expert,clear,certain_fraud,full,refund_and_card,False,False,0.2282,4.95,0.0399,0.7461,0.9637,0.7827,0.8283,True,1.0,0,1,1,3.703,True,,False,0.0,0.7,0.5,freedom,freedom<eos>
108,gemma_27b,lora_27b,True,direct,mildly_frustrated,expert,clear,certain_fraud,full,refund_and_card,False,False,0.712,4.85,0.0212,0.7493,0.8442,0.9192,0.8439,True,1.0,0,11,11,3.995,True,,False,0.0,0.7,0.9996,"the amazon one aug 20, $127.43. did not make that charge","the amazon one aug 20, $127.43. did not make that charge<eos>"
109,gemma_27b,lora_27b,True,direct,mildly_frustrated,expert,clear,certain_fraud,full,refund_and_card,False,False,0.4697,3.48,0.0304,0.9727,0.8466,0.9024,0.9646,True,1.0,0,10,10,2.063,True,,False,0.0,0.7,0.9995,"yes, that's what i said. i did not authorize it","yes, that's what i said. i did not authorize it<eos>"
110,gemma_27b,lora_27b,True,direct,mildly_frustrated,expert,clear,certain_fraud,full,refund_and_card,False,False,0.2491,3.98,0.0284,0.6066,0.88,0.7914,0.9799,True,1.0,0,19,19,3.564,True,,False,0.0,1.0,0.9999,"look, i just want the dispute filed, provisional credit issued, and the card cancelled. can we just do that","look, i just want the dispute filed, provisional credit issued, and the card cancelled. can we just do that<eos>"
111,gemma_27b,lora_27b,True,direct,mildly_frustrated,expert,clear,certain_fraud,full,refund_and_card,False,False,0.4444,1.43,0.0257,0.5753,0.7436,0.7372,0.8462,True,1.0,0,2,2,3.142,True,,False,0.0,0.7,0.9375,yes correct,yes correct<eos>
112,gemma_27b,lora_27b,True,direct,mildly_frustrated,expert,clear,certain_fraud,full,refund_and_card,False,False,0.7094,1.87,0.0095,0.5197,0.9523,0.8184,0.9232,True,1.0,0,2,2,1.901,True,,False,0.0,0.7,0.9375,yes please,yes please<eos>
113,gemma_27b,lora_27b,True,direct,mildly_frustrated,expert,clear,certain_fraud,full,refund_and_card,True,False,0.6901,2.62,0.0055,1.0,1.0,1.0,1.0,True,0.0,-1,0,1,3.418,True,True,,1.0,1.0,1.0,,<eos>
114,gemma_27b,lora_27b,True,direct,mildly_frustrated,expert,clear,certain_fraud,full,refund_and_card,False,True,0.796,2.06,0.041,0.5972,0.8963,0.9119,0.943,True,1.0,0,16,16,2.756,True,,False,0.0,1.0,0.9999,look i already called about a fraudulent charge and nothing's been done. i need this escalated,look I already called about a fraudulent charge and nothing's been done. I need this escalated<eos>
115,gemma_27b,lora_27b,True,direct,mildly_frustrated,expert,clear,certain_fraud,full,refund_and_card,False,False,0.3145,3.57,0.0116,0.6647,0.8803,0.8438,0.853,True,1.0,0,17,17,2.261,True,,False,0.0,0.7,0.9999,i have two cards with you. the sapphire and the freedom. the charge is on the sapphire,I have two cards with you. the sapphire and the freedom. the charge is on the sapphire<eos>
116,gemma_27b,lora_27b,True,direct,mildly_frustrated,expert,clear,certain_fraud,full,refund_and_card,False,False,0.7638,2.52,0.0152,0.5475,0.9414,0.7041,0.8655,True,1.0,0,15,15,2.328,True,,False,0.0,0.7,0.9999,yes. $215. did not make that charge. want a chargeback opened and the card cancelled,yes. $215. did not make that charge. want a chargeback opened and the card cancelled<eos>
117,gemma_27b,lora_27b,True,direct,mildly_frustrated,expert,clear,certain_fraud,full,refund_and_card,False,False,0.558,1.84,0.0352,0.9535,0.796,0.7225,0.864,True,1.0,0,9,9,3.313,True,,False,0.0,1.0,0.9993,yes obviously. i already told the last rep that,yes obviously. I already told the last rep that<eos>
118,gemma_27b,lora_27b,True,direct,mildly_frustrated,expert,clear,certain_fraud,full,refund_and_card,False,False,0.7376,1.36,0.021,0.9564,0.8678,0.8512,0.7066,True,1.0,0,13,13,3.242,True,,False,0.0,0.7,0.9998,ok and the card? i need it cancelled and a new one sent,ok and the card? I need it cancelled and a new one sent<eos>
119,gemma_27b,lora_27b,True,direct,mildly_frustrated,expert,clear,certain_fraud,full,refund_and_card,False,False,0.3806,2.16,0.0092,0.5784,0.9462,0.7653,0.909,True,1.0,0,3,3,3.477,True,,False,0.0,0.7,0.9815,yes same address,yes same address<eos>
120,gemma_27b,lora_27b,True,direct,mildly_frustrated,expert,clear,certain_fraud,full,refund_and_card,False,False,0.2893,4.18,0.0321,0.622,0.7004,0.947,0.8604,True,1.0,0,13,13,2.369,True,,False,0.0,0.7,0.9998,just make sure someone actually follows up this time. last call went nowhere,just make sure someone actually follows up this time. last call went nowhere<eos>
121,gemma_27b,lora_27b,True,direct,mildly_frustrated,expert,clear,certain_fraud,full,refund_and_card,True,False,0.7757,1.79,0.0486,1.0,1.0,1.0,1.0,True,0.0,-1,0,1,1.766,True,True,,1.0,1.0,1.0,,<eos>
122,gemma_27b,lora_27b,True,direct,mildly_frustrated,expert,clear,uncertain,full,investigation,False,True,0.6084,2.54,0.0451,0.5459,0.9415,0.7545,0.7555,True,1.0,0,11,11,1.972,True,,False,0.0,0.7,0.9996,"hey i need to dispute a charge, pretty sure it's unauthorized","hey i need to dispute a charge, pretty sure it's unauthorized<eos>"
123,gemma_27b,lora_27b,True,direct,mildly_frustrated,expert,clear,uncertain,full,investigation,False,False,0.1702,3.15,0.0363,0.8959,0.7058,0.881,0.8134,True,1.0,0,1,1,3.566,True,,False,0.0,0.7,0.5,sapphire,sapphire<eos>
124,gemma_27b,lora_27b,True,direct,mildly_frustrated,expert,clear,uncertain,full,investigation,False,False,0.5952,1.89,0.024,0.7758,0.7929,0.8333,0.7489,True,1.0,0,21,21,1.886,True,,False,0.0,0.975,0.9999,look i'm not 100% sure — could be a subscription i forgot about. i just want someone to actually investigate it,look i'm not 100% sure — could be a subscription i forgot about. i just want someone to actually investigate it<eos>
125,gemma_27b,lora_27b,True,direct,mildly_frustrated,expert,clear,uncertain,full,investigation,False,False,0.2032,3.66,0.0113,0.9307,0.9304,0.8154,0.9653,True,1.0,0,2,2,1.781,True,,False,0.0,0.7,0.9375,august 14th,august 14th<eos>
126,gemma_27b,lora_27b,True,direct,mildly_frustrated,expert,clear,uncertain,full,investigation,False,False,0.2052,3.7,0.0151,0.9006,0.9565,0.8045,0.7312,False,0.6666666666666666,-1,2,3,3.154,False,,False,0.33333333333333337,0.7,0.6466,adobe. it's,Adobe. it's $54.99<eos>
127,gemma_27b,lora_27b,True,direct,mildly_frustrated,expert,clear,uncertain,full,investigation,False,False,0.1471,3.35,0.048,0.6365,0.7509,0.7271,0.9984,True,1.0,0,12,12,2.463,True,,False,0.0,0.7,0.9997,"yes exactly. just open the investigation, i don't need a refund yet","yes exactly. just open the investigation, i don't need a refund yet<eos>"
128,gemma_27b,lora_27b,True,direct,mildly_frustrated,expert,clear,uncertain,full,investigation,False,False,0.3692,3.37,0.0211,0.7832,0.8969,0.908,0.9245,True,1.0,0,19,19,2.088,True,,False,0.0,0.7,0.9999,"ok good. and if it does turn out to be unauthorized, provisional credit kicks in while you investigate right?","ok good. and if it does turn out to be unauthorized, provisional credit kicks in while you investigate right?<eos>"
129,gemma_27b,lora_27b,True,direct,mildly_frustrated,expert,clear,uncertain,full,investigation,True,False,0.6973,4.89,0.0456,1.0,1.0,1.0,1.0,True,0.0,-1,0,1,3.905,True,True,,1.0,1.0,1.0,,<eos>
130,gemma_27b,lora_27b,True,direct,escalating,expert,clear,certain_fraud,full,refund_and_card,False,True,0.6696,1.68,0.0091,0.8643,0.7839,0.9244,0.9096,False,0.9583333333333334,-1,23,24,2.529,False,,False,0.04166666666666663,0.85,0.9623,"there's a $1,249 charge from apple store on august 19th that i 100% did not make. need this disputed and my card replaced","there's a $1,249 charge from Apple Store on August 19th that I 100% did not make. need this disputed and my card replaced today<eos>"
131,gemma_27b,lora_27b,True,direct,escalating,expert,clear,certain_fraud,full,refund_and_card,False,False,0.6807,4.68,0.0251,0.8476,0.9725,0.8271,0.747,True,1.0,0,13,13,2.804,True,,False,0.0,1.0,0.9998,"dispute first, then replace. and i want provisional credit while the investigation runs","dispute first, then replace. and i want provisional credit while the investigation runs<eos>"
132,gemma_27b,lora_27b,True,direct,escalating,expert,clear,certain_fraud,full,refund_and_card,False,False,0.6791,1.74,0.0402,0.8169,0.7218,0.7584,0.7325,True,1.0,0,2,2,3.008,True,,False,0.0,1.0,0.9375,"sapphire, 9212","sapphire, 9212<eos>"
133,gemma_27b,lora_27b,True,direct,escalating,expert,clear,certain_fraud,full,refund_and_card,False,False,0.4954,3.3,0.0395,0.5224,0.7024,0.7944,0.9831,True,1.0,0,9,9,2.392,True,,False,0.0,1.0,0.9993,yes that's correct. i did not authorize that charge,yes that's correct. i did not authorize that charge<eos>
134,gemma_27b,lora_27b,True,direct,escalating,expert,clear,certain_fraud,full,refund_and_card,False,False,0.3675,3.39,0.0426,0.6422,0.9479,0.7455,0.8389,True,1.0,0,7,7,1.733,True,,False,0.0,1.0,0.9985,how long does the full investigation take,how long does the full investigation take<eos>
135,gemma_27b,lora_27b,True,direct,escalating,expert,clear,certain_fraud,full,refund_and_card,False,False,0.3522,4.44,0.0215,0.9364,0.7585,0.9323,0.8163,True,1.0,0,19,19,3.026,True,,False,0.0,1.0,0.9999,45 days is not acceptable. if this isn't resolved fast i'm filing a cfpb complaint and closing my accounts,45 days is not acceptable. if this isn't resolved fast i'm filing a CFPB complaint and closing my accounts<eos>
136,gemma_27b,lora_27b,True,direct,escalating,expert,clear,certain_fraud,full,refund_and_card,False,False,0.213,2.19,0.0182,0.5437,0.7722,0.7538,0.9316,True,1.0,0,8,8,2.683,True,,False,0.0,1.0,0.999,yes cancel it and send a new one,yes cancel it and send a new one<eos>
137,gemma_27b,lora_27b,True,direct,escalating,expert,clear,certain_fraud,full,refund_and_card,False,False,0.6914,4.81,0.0187,0.8343,0.9452,0.8518,0.7788,True,1.0,0,3,3,3.206,True,,False,0.0,1.0,0.9815,yes expedite it,yes expedite it<eos>
138,gemma_27b,lora_27b,True,direct,escalating,expert,clear,certain_fraud,full,refund_and_card,True,False,0.1655,2.92,0.0321,1.0,1.0,1.0,1.0,True,0.0,-1,0,1,3.794,True,True,,1.0,1.0,1.0,,<eos>
